Chapter,Question,Question: description,Individual Indicator Score,Source Legislation,Impact,Timeframe for Indicator,References,"References, 2","References, 3","References, 4",Overall Pillar Score
1,1.1,Weighted average of effective tariff rates applied on ICT goods imported from other Asia-Pacific economies (%),0.026,Effectively applied tariffs on ICT goods (in weighted average) imported from other economies within the considered United Nations region (%),0.26,Since 2022,http://wits.worldbank.org/WITS/,,,,0.050
1,1.2,Percentage of none duty-free tariff lines on ICT goods imported from other Asia-Pacific economies (%),0,No duty-free tariff lines on ICT goods from other economies within the considered United Nations region (%),77.21,Since 2022,http://wits.worldbank.org/WITS/,,,,
1,1.3,Not a signatory to the WTO ITA I and ITA II,0.50,Lack of participation in ITA Expansion Agreement (ITA II),Indonesia is a signatory of the 1996 WTO Information Technology Agreement (ITA). The ITA provides for participants to completely eliminate duties on IT products covered by the Agreement. Indonesia has not signed the ITA-II Agreement which was concluded in 2015 to expand the product coverage of the ITA.,"Since 1996, updated in 2015",https://www.wto.org/english/tratop_e/inftec_e/itscheds_e.htm,https://www.wto.org/english/news_e/news15_e/ita_16dec15_e.htm,,,
1,1.4,"Imposing trade defence measures (anti-dumping, countervailing duties and safeguards) on ICT-related products imported by other Asia-Pacific economies",0,"Regulation of the Minister of Trade No.34/M-DAG/PER/6/2014 on Antidumping Measure, Compulsory Measure, and Trade Safeguard Measure 2011;

Komite Anti Dumping Indonesia (KADI) website","Regulation of the Minister of Trade of the Republic of Indonesia Number 34/M-DAG/PER/6/2014, primarily outlines the organization and work procedures of the Indonesian Trade Security Committee (KPPI). It does not explicitly mention ICT-related goods (Information and Communication Technology) or any specific articles related to ICT. Instead, it provides a general framework for handling trade security measures, including investigations into serious losses or threats to domestic industries caused by surges in imports.

- Article 2: KPPI is tasked with addressing issues related to serious losses or threats to domestic industries caused by a surge in imports. If ICT-related goods are identified as causing such issues, KPPI would handle the investigation.
- Article 3: KPPI's functions include: Conducting investigations into serious losses or threats to domestic industries caused by imports. Collecting and processing evidence related to such investigations. Recommending trade security actions to the Minister of Trade.
- Article 12: The Sub Committee of Investigation in the Sector of Industry and Mining is responsible for investigating serious losses or threats to domestic industries in the industrial and mining sectors. ICT-related goods, being part of the industrial sector, could fall under this category.
- Article 14: Financing for KPPI's activities, including investigations into specific goods (potentially ICT-related), is covered by the National Budget of the Ministry of Trade.

From the Penyelidikan Berjalan (Ongoing Investigations) section of the KADI website, there are currently no explicit cases related to ICT (Information and Communication Technology) goods. The ongoing investigations listed are:
- PP Copolymer
- Benang Filamen Sintetik (Synthetic Filament Yarn)
- Kertas Duplex (Duplex Paper)
- PP Homopolymer
","Since July 2011;

Last reviewed in January 2025",http://www.flevin.com/id/lgso/translations/JICA%20Mirror/english/4738_PP_34_2011_e.html,https://kadi.kemendag.go.id/penyelidikan-berjalan/ppcopolymer,https://web.wtocenter.org.tw/file/PageFile/388456/GADPN384IDN.pdf,https://trade-remedies.wto.org/en/antidumping/measures#,
2,2.1,Foreign exclusions from public procurement related to ICT goods and digital services,1,Presidential Regulation No.16 on Government Procurement of Goods and Services 2018,"The Presidential Regulation No.54 on Government Procurement of Goods and Services 2010 has been revoked and replaced by Presidential Regulation 16/2018 where there is currently a second revision of Presidential Regulation 16/2016 (amendment) 

Presidential Regulation No.16 Year 2018 on Government Procurement and its amendments:
-	The Presidential Regulation underlines the importance of key procurement principles, such as transparent, open, effective, competitive and accountable as well  as value for money.
-	According to article 63, foreign companies may participate in international procurement under the following thresholds:
○	Rp 1 trillion (approx. 60.8 million USD*) for construction works;
○	Rp50 billion (approx. 3.01 million USD*) for goods and other services; and
○	Rp25 billion (approx. 1.52 million USD*) for consulting services.
-	Furthermore, foreign companies are also allowed to participate under such thresholds in a case there are no qualified domestic companies to fulfill requirements/technical specification. Therefore, the participation of foreign companies is not restricted to extremely large bids.
-	In the same article, it is stipulated that international procurement is announced on the website of the Ministries/Institutions/Local Governments and the international community website. 

Article 66 mentions the use of domestic products in government procurement, however, there is also the possibility to procure imported goods in the event that the goods cannot be produced domestically or domestic production volume is unable to meet the demand.

Foreign business actors can also participate in procurement in Indonesia below a predetermined threshold value as long as there are no capable and qualified national business actors. This means that Indonesian government procurement does not exclude foreign business actors in general or a group of foreign business actors or only allow foreign business actors for procurement packages above the threshold.","Since March 2018
",https://peraturan.bpk.go.id/Home/Details/73586/perpres-no-16-tahun-2018,,,,1
2,2.1,Foreign exclusions from public procurement related to ICT goods and digital services,1,"President Instruction No. 22/2022 on Accelerating the Increase in the Use of Domestic Products and Products from Micro, Small Enterprises, and Cooperatives to Support the Success of the National Movement ""Proudly Made in Indonesia"" in the Implementation of Government Procurement of Goods and Services 2022","On 30 March 2022, the government of Indonesia issued President Instruction No. 22/2022, mandating all government agencies to spend at least 40% of their budget on local products produced by SMEs. According to the regulation, the objective is to increase the use of local products to support the ""Proud of Using Products Made in Indonesia"" campaign. The regulation entered into force on 30 March 2022.","Since March 2022
",https://peraturan.bpk.go.id/Details/204320/inpres-no-2-tahun-2022,,,,
2,2.1,Foreign exclusions from public procurement related to ICT goods and digital services,1,"Regulation of the Government of the Republic of Indonesia No.29 on Industrial Empowerment 2018
;
Regulation of the Government of the Republic of Indonesia No.28 on the Implementation of the Industrial Sector 2021
;
Regulation of the Government of the Republic of Indonesia No.46 on Amendments to Regulation of the Government of the Republic of Indonesia  No.28 on the Implementation of the Industrial Sector 2023","Under the Regulation of the Government of the Republic of Indonesia No.29 of 2018 on Industrial Empowerment 2018 as amended by Government Regulation (PP) No.28 of 2021
Maintenance of Industrial Fields, Articles 57 and 58 specify the obligation of utilizing domestic products for government procurement if funded by the state or regional budgets, including details on compliance.

According to Article 57, the following entities are required to utilize domestic products in the procurement of goods and services: State institutions, ministries, non-ministerial government institutions, other government institutions, and regional working units when the procurement is financed by:
- The state budget (APBN) or regional budget (APBD).
- Domestic or foreign loans or grants.
State-owned enterprises (SOEs), other state-owned legal entities, regionally-owned enterprises, and private enterprises in the procurement of goods and services when:
- Financing is derived from the state budget or regional budget.
- Work is conducted under a cooperation scheme between the Central Government and/or Local Governments with enterprises.
- The procurement involves the exploitation of state-controlled resources (e.g., natural resources, telecommunications frequencies, etc.).

Article 58 specifies that the obligation to utilize domestic products applies at both the planning and implementation stages of the procurement process.
Entities must prepare an annual plan for the goods and services they need, including technical specifications, amounts, prices, and procurement schedules. 

Article 61 requires that domestic products must be utilized if the combined value of their National Contribution Value (TKDN) and Corporate Contribution Value is at least 40%. The TKDN value of the domestic product must be at least 25%.

Article 64 mandates price preferences for domestic products:
- A maximum 25% price preference for goods with a TKDN value of at least 25%.
- A maximum 7.5% price preference for construction services provided by domestic companies over foreign competitors.","Since July 2018, last amended in February 2021
; 
Since February 2021
;
Since September 2023
",https://peraturan.bpk.go.id/Details/89213/pp-no-29-tahun-2018,https://peraturan.bpk.go.id/Details/161862/pp-no-28-tahun-2021,https://peraturan.bpk.go.id/Details/265189/pp-no-46-tahun-2023,,
2,2.1,Foreign exclusions from public procurement related to ICT goods and digital services,1,"Regulation of the Minister of Communication and Informatics of the Republic of Indonesia No.41/PER/M.KOMINFO/10/2009 on Procedures for Assessing the Achievement of Domestic Component Levels in the Implementation of Telecommunications 2009
","Decree No. 41/PER/M.KOMINFO/10/2009: Article 1(4) and subsequent sections define and outline the procedures for assessing domestic content (TKDN) in telecommunications.
Article 1(4): Definition of Level of Domestic Component (TKDN). TKDN (LDC) is defined as the portion of domestic components in goods, services, or a combination of both, used in telecommunications.
It includes:
- Goods: Telecommunication materials and equipment.
- Services: Design, engineering, and other supporting services.
- Combination: A mix of goods and services.
The domestic component must involve local manufacturing, fabrication, assembling, work settlement, and services performed domestically, using local experts and software.

Article 3(1) and 3(2) of Calculation of TKDN and Foreign Component provides the formula for calculating the Level of Domestic Component (TKDN) and explicitly identifies the Foreign Component (FC) as part of the calculation. The formulas are:

Formula 1:
% TKDN (Capex) = ((Total Capex − Foreign Component Capex) /Total Capex) × 100 %

Formula 2:
% TKDN (Capex) = (Domestic Component Capex / Total Capex) ×100%

This explicitly separates foreign components (e.g., imported goods, foreign services, foreign software) from domestic components, ensuring that foreign elements are excluded from the TKDN percentage.

Article 4(1) and 4(2) of Proof of Domestic Expenditure requires telecommunication providers to show proof of domestic expenditure for telecommunication materials/equipment sourced from domestic vendors. It also mandates that the percentage of TKDN for these materials/equipment must be authenticated by:
- An authorized agency or
- An independent survey institute assigned by the government.
This ensures that foreign components are excluded unless they are explicitly verified as domestic.

Article 5 of Verification of Domestic Components  mandates that any assessment of TKDN using telecommunication materials/equipment from domestic providers must be verified by:
- An authorized agency, or
- An independent survey institute.
This verification process ensures that foreign components are not misrepresented as domestic.

Article 6 of Local Content Threshold states that telecommunication materials/equipment with ≥ 50% local content are considered to have 100% local content for TKDN purposes. This provision effectively excludes foreign components from being counted as domestic unless they meet the 50% threshold.",Since October 2009,https://peraturan.bpk.go.id/Details/159035/permenkominfo-no-41permkominfo102009-tahun-20,https://peraturan.infoasn.id/peraturan-menteri-perindustrian-nomor-102-m-ind-per-10-2009/,,,
2,2.1,Foreign exclusions from public procurement related to ICT goods and digital services,1,Regulation of the Minister of Industry No. 15/M-IND/PER/3/2016 on Specification Standards and Price Standards for Domestic Transmission Towers and Conductors to Accelerate the Development of Electricity Infrastructure 2016,"Regulation No. 15/M-IND/PER/3/2016 primarily focuses on Tower Transmission and Conductor products, the principles outlined in Articles 2, 4, 6, 7, and 8 regarding the prioritization of domestic content (TKDN) and compliance monitoring can be applied to ICT goods and digital services in public procurement.

Article 2 states that Tower Transmission and Conductor products must comply with Standar Spesifikasi (Standard Specifications) and Standar Harga (Standard Prices). The specifications and pricing standards are likely designed to favor domestic products, indirectly excluding foreign goods that do not align with these standards.

Article 4 establishes a benchmark pricing system for the procurement of domestic Transmission Towers and Conductors. This ensures that public procurement adheres to fair and consistent pricing, avoiding overpricing or underpricing. By mandating adherence to Standard Prices for domestic products, Article 4 indirectly excludes foreign products that may not align with these price benchmarks. This is because foreign products are not explicitly included in the pricing standards, and the regulation prioritizes domestic goods. The Standard Prices are tied to the domestic content requirements (TKDN) outlined in Article 6. 

Article 6 article mandates that Tower Transmission and Conductor products used in the acceleration of electricity infrastructure must meet a minimum Tingkat Komponen Dalam Negeri (TKDN) (Domestic Component Level) of 40%. This provision explicitly prioritizes domestic products and components, effectively excluding foreign goods and services that do not meet the required TKDN threshold from public procurement, because only products meeting the minimum TKDN threshold (40%) are eligible for procurement, and their prices must align with the standards in Lampiran I and II.

Article 7: The TKDN value must be verified and certified through a formal process, as outlined in this article. Ensuring that only products meeting the domestic content requirements are eligible for procurement, further excluding foreign products that fail to meet these standards.","Since March 2016
",https://peraturan.bpk.go.id/Details/167005/permenperin-no-15m-indper32016-tahun-2016,,,,
2,2.2,"Specific requirements on source codes, encryption and trade secrets ",1,Regulation of the Government of the Republic of Indonesia No.71 on the Provision of Electronic System and Transaction 2019,"Government Regulation No. 82 of 2012 on the Implementation of System and Electronic Transactions. Specifically, Article 8: Requires that providers who develop software specifically for a government agency must submit the source code and related documentation to the agency. If direct submission is not feasible, the source code and documentation should be entrusted to a reliable third party. We are of the view that the notes contained in the column Findings/ Inquiries regarding the sub-pillars may provide some insight into the content of Article 8. Article 9: Emphasizes the confidentiality of the source code, allowing for inspection only if necessary for investigation purposes. 

Government Regulation No. 71 of 2019 on the Implementation of System and Electronic Transactions regarding the Implementation of Electronic Systems and Transactions, article 9 specifies that software developers providing custom software for public electronic systems must submit source code and documentation to the relevant public institution. If internal storage is not feasible, a third party trusted for source code safekeeping can be used. This ensures government institutions maintain control over critical software. This regulation do not explicitly link trade secrets to public procurement but imply the need for protecting sensitive information. For instance, Article 15 emphasizes maintaining the confidentiality, integrity, and availability of personal data and related documentation. The first and second sentences in bullet point 2.2.1(a) are true because can be referred to Article 9 paragraph (1) and (3). However, the next sentence is an author's interpretation that is not included in the body or explanatory section of PP 71/2019.

Based on Article 103 paragraph (2) of Government Regulation No. 71/2019, Government Regulation No. 82/2012 has been revoked. Therefore, following the legal principle lex posterior derogat legi priori (a newer regulation overrides an older one), the provisions under Government Regulation No. 71 of 2019 now serve as the main legal reference for the implementation of electronic systems and transactions. 

",Since October 2019,https://peraturan.bpk.go.id/Home/Details/122030/pp-no-71-tahun-2019,https://jdih.kominfo.go.id/produk_hukum/view/id/6/t/peraturan+pemerintah+republik+indonesia+nomor+82+tahun+2012,,,
2,2.3,Limitations in procurement bidding,1,"Regulation of the Government of the Republic of Indonesia No.29 on Industrial Empowerment 2018
;
Regulation of the Government of the Republic of Indonesia No.28 on
Maintenance of Industrial Fields 2021","Article 63 requires that domestic service companies must be involved in the procurement of services or a combination of goods and services. These companies must:
- Be state-owned enterprises, regionally-owned enterprises, or private enterprises with more than 50% ownership by Indonesian citizens or entities.
- Be domiciled and operating within Indonesia.","Since July 2018, last amended in February 2021
; 
Since February 2021",https://peraturan.bpk.go.id/Details/89213/pp-no-29-tahun-2018,https://peraturan.bpk.go.id/Details/161862/pp-no-28-tahun-2021,,,
2,2.3,Limitations in procurement bidding,1,Regulation of the Minister of Industry No.02/M-IND/PER/1/2014 on Guidelines of Increasing Use of Domestic Products 2014,"The Ministry of Industry Regulation No. 02/M-IND/PER/1/2014 Article 16.1 restricts the participation of foreign suppliers in public procurement. According to the law, Articles 17 and 20 discuss the Domestic Component Level (TKDN) and the Benefit to Company Points (BMP) which is based on investments of the suppliers in Indonesia. According to Article 10, domestic service suppliers need to be prioritized. To be considered as a domestic service supplier, the majority of shares have to belong to an Indonesian citizen and two-thirds of the board members have to be locals. If no domestic service suppliers are participating in the procurement, service suppliers where more than 50% up to 90% is owned by a foreign company or foreign citizen will be taken into consideration. 

Ministry of Industry Regulation No. 02/M-IND/PER/1/2014: Article 3 and Article 4 cover the guidelines for the promotion and mandatory use of domestic products in government procurement, detailing conditions for verifying TKDN values. Article 10 mandates that service procurement must prioritize home services companies, which must be established under Indonesian law and operate domestically, with more than 50% shareholding by Indonesian citizens or state entities, and two-thirds of the board comprising Indonesian citizens. Articles 15 and 16 allow for participation by foreign service companies when domestic or national service companies are unavailable, specifying that such foreign companies can participate under specific conditions.",Since January 2014,https://bpbj.batam.go.id/wp-content/uploads/2022/06/Permenperin_No.02_2014_1.pdf,,,,
2,2.3,Limitations in procurement bidding,1,Regulation of the Government of the Republic of Indonesia No.71 on the Provision of Electronic System and Transaction 2019,"Government Regulation No. 71/2019 states that the electronic systems operators for public scope should store the electronic transaction data in Indonesia, unless the technology needed is unavailable in Indonesia. Public ESOs are defined to include 
(a) public bodies (such as central and regional executive, legislative, judicative bodies and any other bodies established pursuant to a statutory mandate); and 
(b) entities appointed by public bodies to operate electronic systems on their behalf. Previously, Government Regulation 82 (Article 17) required “electronic systems operators for public service” to connect their data to a data centre and a disaster recovery centre established in Indonesian territory for law enforcement and data protection. 

Although “public services” was not defined under the Government Regulation 82, this term had been interpreted in practice by MOCI broadly. Therefore, the local storage obligations were widely understood to cover all services offered to the public via the internet, effectively affecting many private sector companies.

Note that Government Regulation No. 82 of 2012, replaced by Government Regulation No. 71/2019 regarding the Provision of Electronic System and Transaction. ","Since October 2019
",https://peraturan.bpk.go.id/Home/Details/122030/pp-no-71-tahun-2019,,,,
2,2.3,Limitations in procurement bidding,1,Regulation of the Minister of Finance Regulation No.115/PMK.06/2020 on the Utilization of State-Owned Assets 2020,"The Ministry of Finance Regulation No.115/PMK.06/2020, which replaces the Ministry of Finance Regulation No.65/PMK.06/2016 mandates foreign entities to establish an Indonesian limited liability company before utilizing the state-owned property for undertaking the public procurement of the infrastructure projects (including telecommunication infrastructure) under the public-private partnership scheme. 

This requirement was already in place since 2016. Nevertheless, this represents a liberalisation for foreign companies in Indonesian public procurements, since previous required the prioritization of domestic service suppliers.",Since August 2020 ,https://peraturan.bpk.go.id/Home/Details/144664/pmk-no-115pmk062020,,,,
2,2.3,Limitations in procurement bidding,1,Regulation of the Minister of Industry No.02/M-IND/PER/1/2014 on Guidelines of Increasing Use of Domestic Products 2014,"The Ministry of Industry Regulation No. 02/M-IND/PER/1/2014 regulates the procurement of public goods and services. 
The regulation includes price preferences for bidders with more than 25% of TKDN or striving to achieve at least 30%. The price preferences can be up to 15% for the procurement of goods and maximally 7.5% for services.

Ministry of Industry Regulation No. 02/M-IND/PER/1/2014, Article 10 requires that procurement involving services must prioritize domestic service companies. These companies must have more than 50% ownership by Indonesian citizens or state entities and two-thirds of the board must be Indonesian. Article 16 states that if domestic or national services companies do not participate, only then can the procurement process include foreign service providers.",Since January 2014,https://bpbj.batam.go.id/wp-content/uploads/2022/06/Permenperin_No.02_2014_1.pdf,,,,
2,2.3,Limitations in procurement bidding,1,"Regulation of the Minister of Communication and Informatics of the Republic of Indonesia No.41/PER/M.KOMINFO/10/2009 on Procedures for Assessing the Achievement of Domestic Component Levels in the Implementation of Telecommunications 2009
","The Ministry of Industry Regulation No. 49/2009, as amended by the Ministry of Industry Regulation No.102/M-IND/PER/10/2009, requires the use of domestic products and services in 558 sub-sectors for public procurement. Domestic products and services are defined as goods or services produced or prepared by a company investing and producing in Indonesia, with the possibility to use imported raw material or component in the production or working process. 

The Ministry of Industry Regulation No. 102/M-IND/PER/10/2009 mandates the use of domestic products and services in government procurement if such products meet specific local content thresholds. Domestic products are defined as those produced or processed by a company operating in Indonesia, even if they incorporate imported raw materials or components - as long as the majority of production occurs domestically.
- Article 10 states that priority must be given to domestic service providers in public procurement. A service provider qualifies as domestic if over 50% of its shares are owned by Indonesian nationals or entities, and at least two-thirds of its board members are Indonesian.
- Articles 8 and 11 mandate the use of local content levels in public procurement. Goods and services are eligible only if they meet minimum local content requirements. This stipulation indirectly limits the participation of foreign companies that cannot satisfy these requirements",Since October 2009,https://peraturan.bpk.go.id/Details/159035/permenkominfo-no-41permkominfo102009-tahun-20,https://peraturan.infoasn.id/peraturan-menteri-perindustrian-nomor-102-m-ind-per-10-2009/,,,
2,2.3,Limitations in procurement bidding,1,Regulation of the Minister of Industry No. 15/M-IND/PER/3/2016 on Specification Standards and Price Standards for Domestic Transmission Towers and Conductors to Accelerate the Development of Electricity Infrastructure 2016,"The Ministry of Industry Regulation 15/M-IND/PER/3/2016 Article 6 mandates that transmission towers and steel-reinforced conductors used in public procurement must meet a minimum local content level of 40%. This aligns with the regulation’s goal of boosting domestic production by setting these minimum thresholds.

Article 57 and 58 mandate that public procurement funded by state or regional budgets must utilize domestic products. This includes a requirement for products to have a minimum local content (TKDN) value.
Article 61 specifies that to be eligible for government procurement, goods and services must meet certain TKDN and Corporate Contribution Value thresholds.
Article 64 outlines price preferences for domestic products, stating that goods with TKDN values of at least 25% are given price preferences of up to 25% over foreign products","Since March 2016
",https://peraturan.bpk.go.id/Details/167005/permenperin-no-15m-indper32016-tahun-2016,,,,
2,2.3,Limitations in procurement bidding,1,"President Instruction No. 22/2022 on Accelerating the Increase in the Use of Domestic Products and Products from Micro, Small Enterprises, and Cooperatives to Support the Success of the National Movement ""Proudly Made in Indonesia"" in the Implementation of Government Procurement of Goods and Services 2022","The Presidential Instruction No.2 of 2022 regarding preference margins and local content in government procurement outlines in Article 8 states that government agencies must prioritize the use of domestic products in public procurement, particularly those with a minimum local content (TKDN) of 25%. This aligns with the mandate to promote domestic industries. Article 15 provides for price preferences for procurement of local products, specifying that goods with sufficient local content should be given a favorable margin in pricing to support the “Proud of Using Products Made in Indonesia” campaign. ",Since March 2022,https://peraturan.bpk.go.id/Details/204320/inpres-no-2-tahun-2022,,,,
2,2.3,Limitations in procurement bidding,1,Presidential Regulation No.16 on Government Procurement of Goods and Services 2018,"The Presidential Regulation No.16 Year 2018 on Government Procurement and its amendment:
●	Article 63 (3) specifies that foreign companies participating in international procurement must collaborate with national businesses in the form of consortia, subcontracts, or other partnerships.
●	Article 65 emphasizes participation of micro and small  enterprises with exception for procurement packages requiring technical capabilities that those businesses cannot fulfill.

One of the objectives of the requirement to cooperate with national business actors is to support the effective implementation of procurement processes - for example, in cases where after-sales service or other forms of technical support are required.
The provision regarding small and micro enterprises in public procurement aligns with international practice. However, it is important to note that while special measures are in place to support micro and small enterprises, they may be excluded from certain procurement packages if the required technical capabilities exceed what such enterprises can provide. ",Since March 2018,https://peraturan.bpk.go.id/Details/73586/perpres-no-16-tahun-2018,,,,
2,2.4,"Not in the WTO Government Procurement Agreement (GPA) and not fully covered the three most relevant services sectors (CPC752, 754, 84)",1,WTO Government Procurement Agreement (GPA),"Indonesia is not a signatory to the WTO Agreement on Government Procurement (GPA), but has held observer status since 31 October 2012.","Since 2012

Last review in October 2024",https://www.wto.org/english/tratop_e/gproc_e/memobs_e.htm,,,,
3,3.1,"Foreign equity limits in sectors relevant to digital trade 
Exception: Not cover foreign equity cap in telecom sector (covered under Pillar 5) and e-commerce sector (covered under Pillar 12)",0,Law No. 25 on Investment 2007,"Indonesia's Investment Law No. 25 of 2007 provides a broad legal framework for investment in Indonesia, emphasizing openness and equal treatment to foreign investment (Article 6) while allowing for specific restrictions in certain sectors. For precise foreign equity limits in sectors relevant to digital trade, one would need to refer to the Positive Investment List and the Presidential Regulation No. 10 of 2021. The “Positive Investment List,” is part of Indonesia’s broader strategy to attract foreign investment while protecting specific sectors for local businesses. The Positive Investment List allows 100% foreign ownership in several key areas to encourage foreign investment in digital infrastructure and technology (listed in the annexes). 

This includes large-scale e-commerce platforms, classified under high-capital investment thresholds, which enable global players to operate independently, and data centers (Business Field No. 63111), which are critical for supporting Indonesia’s digital economy and data storage needs. Additionally, cloud computing services for general use are open to full foreign ownership, allowing flexibility for international technology companies to provide cloud services in Indonesia. Over-the-top (OTT) digital content platforms, such as video and music streaming services, are also unrestricted, promoting the growth of diverse content services for Indonesian consumers. These policies align with Indonesia’s digital transformation goals by enhancing technology transfer, infrastructure development, and consumer access to global digital services, while maintaining regulatory oversight for sectors with more strategic or sensitive data requirements, such as critical infrastructure and payment systems.",Since April 2007,http://www.flevin.com/id/lgso/translations/Laws/Law%20No.%2025%20of%202007%20on%20Investment%20(BKPM).pdf,,,,0.831
3,3.1,"Foreign equity limits in sectors relevant to digital trade 
Exception: Not cover foreign equity cap in telecom sector (covered under Pillar 5) and e-commerce sector (covered under Pillar 12)",0.50,"Presidential Regulation No.10 on Investment Business Sectors 2021;

Presidential Regulation No.49 on Amendments to Presidential Regulation No.10 on Investment Business Sectors 2021","Presidential Regulation No. 10 of 2021 amended by Presidential Regulation No. 49 of 2021: 
Article 2:
(1) All business fields are open to investment, except for those declared as closed or open with certain conditions.
(2) Business fields closed to foreign investment include:
a. Production of weapons, ammunition, explosive equipment, and warfare equipment.
b. Any business sectors explicitly declared closed based on the law.
Article 6:
(1) Business fields with specific conditions may have restrictions on foreign ownership.
(2) The government will specify business fields that are open with certain conditions based on national interest criteria.
Article 7:
This article specifies that foreign investors may only invest in certain sectors with restrictions, which are detailed in the annexes of the regulation.

Annexes:
The annexes provide a detailed list of business sectors along with their respective foreign ownership limits. For example, sectors relevant to digital trade may have specific caps, such as 67% for non-ASEAN investors and 70% for ASEAN investors, depending on the classification of the business field (Annex III of Presidential Regulation No. 10 of 2021).

Under Appendix I, digital news and media content platforms subject to foreign ownership limited to 49% to safeguard national media and information integrity (Presidential Regulation No. 10 of 2021, Appendix I, Business Field No. 60201).
","Since February 2021, last amended in May 2021
;
Since May 2021
",https://peraturan.bpk.go.id/Details/161806/perpres-no-10-tahun-2021,https://peraturan.bpk.go.id/Details/168534/perpres-no-49-tahun-2021,,,
3,3.1,"Foreign equity limits in sectors relevant to digital trade 
Exception: Not cover foreign equity cap in telecom sector (covered under Pillar 5) and e-commerce sector (covered under Pillar 12)",0.80,Bank Indonesia Regulation No.20/6/PBI/2018 on Electronic Money 2018,"In the financial technology (fintech) sector, digital payments and e-wallets are restricted to 85% foreign ownership to ensure a balance between foreign investment and national financial security (Bank Indonesia Regulation No. 20/6/PBI/2018, Article 7).

Note that Bank Indonesia Regulation No. 11/12/PBI/2009, last amended by Bank Indonesia Regulation No.20/6/PBI/2018 regarding E-money.",Since May 2018,https://peraturan.bpk.go.id/Details/135874/peraturan-bi-no-206pbi2018-tahun-2018,https://www.bi.go.id/elicensing/helps/PBI_111209-Emoney.pdf,,,
3,3.1,"Foreign equity limits in sectors relevant to digital trade 
Exception: Not cover foreign equity cap in telecom sector (covered under Pillar 5) and e-commerce sector (covered under Pillar 12)",0.80,"Regulation of Financial Services Authority No.40/POJK 40/2024
on Information Technology-Based Joint Financing Services 2024","This aspect of regulation has been amended by the Regulation of Financial Services Authority (POJK) No.40 of 2024 on Information Technology-Based Joint Financing Services (POJK 40/2024), which regulates ownership cap as follows:
-	Art. 3 (5): The provision on ownership by foreign legal entities and foreign nationals shall be implemented in accordance with government regulations concerning foreign ownership in Providers (information technology-based joint financing services providers).
-	Art. 3 (6): In the event where government regulations concerning foreign ownership in Providers has not yet been enforced:
a.	Direct or indirect foreign ownership in Providers should not exceed 85% of Providers’ paid-up capital.
b.	Grandfather clause applies for Providers with direct and indirect foreign ownership exceeding the 85% cap who have obtained a business license from OJK prior to the enforcement of this OJK Regulation.

The aim of this clause is to encourage the participation of local investors as the shareholder in a P2P Lending provider, through joint ventures with the foreign investor as well as to protect the interests of Indonesian financial consumers. This limitation aims to promote the participation of local investors as shareholders in P2P lending providers through joint ventures with foreign investors, while also safeguarding the interests of Indonesian financial consumers. Furthermore, POJK Number 77 of 2016 has been revoked by the implementation of POJK Number 40 of 2024.

",Since December 2024,https://ojk.go.id/id/regulasi/Pages/POJK-40-Tahun-2024-Layanan-Pendanaan-Bersama-Berbasis-Teknologi-Informasi.aspx,,,,
3,3.1,"Foreign equity limits in sectors relevant to digital trade 
Exception: Not cover foreign equity cap in telecom sector (covered under Pillar 5) and e-commerce sector (covered under Pillar 12)",0.80,Law No.32 on Broadcasting 2002,"Law No. 32 of 2002 on Broadcasting prohibits foreign equity ownership in terrestrial (free-to-air) broadcasting companies “Broadcasting agencies may be established by Indonesian legal entities, and foreign parties are prohibited from participating in the ownership of broadcasting agencies.” Broadcasting agencies are to operate in accordance with national interests, implying that foreign ownership is restricted to ensure cultural sovereignty. Covers terrestrial television and radio broadcasting companies but does not apply to subscription-based services like cable or satellite broadcasting.

- Article 16 states (1) the Private Broadcasting Institution as referred to in Article 13 paragraph (2) letter shall be a commercial broadcasting institution in the form of a juristic person established under Indonesian law, whose field of business shall only operate radio or television broadcasting services. (2) Foreign nationals shall be prohibited from being in the management of Private Broadcasting Institution, except for finance and technical fields.
- Article 17 states (1) the Private Broadcasting Institution as referred to in Article 16 paragraph (1) shall be established, the initial capital of which is wholly owned by Indonesian citizens and/or juristic persons established under Indonesian law. (2) Private Broadcasting Institution may make additions and developments in fulfilling the capital derived from foreign capital, which amounts to no more than 20% (twenty percent) of the total capital and is owned by a minimum of 2 (two) shareholders.
- Article 23 states (1) Community Broadcasting Institution shall not receive initial establishment funds and operational funds from foreign parties.
- Article 30 states (1) Foreign broadcasting institutions shall not be established in Indonesia.",Since December 2002,https://peraturan.bpk.go.id/Details/44500/uu-no-32-tahun-2002,,,,
3,3.1,"Foreign equity limits in sectors relevant to digital trade 
Exception: Not cover foreign equity cap in telecom sector (covered under Pillar 5) and e-commerce sector (covered under Pillar 12)",0.50,"Law No.19 on State-owned Entities 2003;

Regulation of the Government of the Republic of Indonesia No.15 2013;

Regulation of the Government of the Republic of Indonesia No.41 2021","There is a limit of 49% on the shares that can be acquired by foreign investors in government-controlled firms. This includes foreign participation to SOEs in telecommunication and delivery service sectors (as regulated in the Government Regulation No. 15/2013 amended by the Government Regulation No.41/2021).

The Government Regulation No. 15 of 2013, as amended by Government Regulation No. 41 of 2021, regulates the foreign ownership limit for State-Owned Enterprises (SOEs) and their subsidiaries. This regulation emphasizes maintaining government majority control in strategic sectors. The 49% cap is designed to attract foreign investment and expertise while keeping majority ownership within the Indonesian government.

The Telecommunications and Delivery Service  sectors are classified as “strategic sectors” that are subject to heightened restrictions due to their importance to national security and public access. In these sectors, SOEs may have foreign partners, but the government generally maintains a 51% ownership or controlling interest in these enterprises.","Since June 2003
;
Since May 2013, last amended in July 2021
;
Since February 2021
","https://peraturan.bpk.go.id/Details/43919/uu-no-19-tahun-2003
; 
http://de.scribd.com/doc/30876080/Law-No-19-of-2003-Indonesia-State-Owned-Entities-BUMN-Wishnu-Basuki#scribd
",https://peraturan.bpk.go.id/Details/5373/pp-no-41-tahun-2013,https://peraturan.bpk.go.id/Details/171112/pp-no-74-tahun-2021,https://peraturan.bpk.go.id/Home/Details/161970/pp-no-46-tahun-2021,
3,3.1,"Foreign equity limits in sectors relevant to digital trade 
Exception: Not cover foreign equity cap in telecom sector (covered under Pillar 5) and e-commerce sector (covered under Pillar 12)",0.50,"Regulation of Financial Services Authority No.40/POJK 40/2024
on Information Technology-Based Joint Financing Services 2024","The provision regarding foreign equity participation is regulated under Financial Services Authority Regulation (POJK) No. 40 of 2024 on Information Technology-Based Joint Financing Services (POJK 40/2024), which replaces POJK No. 77 of 2016. It is important to note that the foreign ownership cap has consistently been set at 85% (see Question 3.1.4). This limitation aims to promote the participation of local investors as shareholders in P2P lending providers through joint ventures with foreign investors, while also safeguarding the interests of Indonesian financial consumers.",Since December 2024,https://ojk.go.id/id/regulasi/Pages/POJK-40-Tahun-2024-Layanan-Pendanaan-Bersama-Berbasis-Teknologi-Informasi.aspx,,,,
3,3.2,Joint venture requirements,1,"Regulation of the Minister of Communication and Informatics of the Republic of Indonesia No.6 on the Provision of Internet Protocol Television (IPTV) Services 2017 

","The Ministry of Communication and Information Technology Regulation No. 6/2017 introduces the requirement that any consortium providing Internet Protocol Television (IPTV) must consist of at least two Indonesian entities (Article 4). Furthermore, Article 6 of the regulation explicitly points to the fact that any foreign investor must comply with Article 4. Every consortium providing IPTV must seek approval from the Ministry of Communications and Informatics. The letter seeking approval shall also provide information on all company shares belonging to foreign investors (Article 25(7)h).","Since February 2017
",https://peraturan.bpk.go.id/Details/150102/permenkominfo-no-6-tahun-2017,,`,,
3,3.2,Joint venture requirements,1,"Regulation of Financial Services Authority No.12/POJK.03/2021 of 2021 on Commercial Banks 2021
","Foreign ownership in banks is governed under Financial Services Authority Regulation (POJK) 12/2021 on Commercial Banks, which also covers banks that offer digital banking services). Locally incorporated banks (Badan Hukum Indonesia/BHI) may be established and/or owned by: 
(a)	Indonesian nationals and/or Indonesian legal entities; or 
(b)	a partnership between Indonesian nationals and/or Indonesian legal entities with foreign nationals and/or foreign legal entities. 

This provision was first introduced in the regulation on Commercial Banks in 1999 and has remained consistent through subsequent amendments. The concept of a Digital Bank, required to be established as a BHI, was introduced in the 2021 amendment of the commercial bank regulation. 
Since a Digital Bank must be a BHI, the same foreign ownership requirements apply as those for establishing and/or owning a BHI. 

Bank BHI (Bank Berbadan Hukum Indonesia) can be established by Indonesian citizens or legal entities, and foreign entities can hold up to 99% of the shares in partnership with Indonesian entities (Article 13).

Article 13 outlines the ownership structure, allowing foreign investors to hold up to 99% of shares in partnership with Indonesian entities, which can be interpreted as a joint venture-like requirement.
Paragraph (1): Bank BHI can be established and/or owned by:
- Indonesian citizens and/or legal entities; or
- Indonesian citizens and/or legal entities in partnership with foreign citizens and/or foreign legal entities.
Paragraph (2): Ownership by foreign citizens and/or foreign legal entities is limited to a maximum of 99% of the paid-up capital of the Bank BHI.

Article 23 defines a Digital Bank as a commercial bank that primarily operates without physical offices, aligning with the statement.
Paragraph (1): Bank BHI can operate as a Digital Bank.
Paragraph (2): A Digital Bank must have one physical office as its headquarters.
Paragraph (3): A Digital Bank conducts its business primarily through electronic channels without physical offices, except for the headquarters, or with limited physical offices.
","Since July 2021

","https://www.ojk.go.id/id/regulasi/Documents/Pages/Bank-Umum/POJK%2012%20-%2003%20-2021.pdf;

https://peraturan.bpk.go.id/Details/227209/peraturan-ojk-no-12pojk032021-tahun-2021",,,,
3,3.2,Joint venture requirements,0,Regulation of the Government of the Republic of Indonesia No.34 on the Employment of Foreign Workers in Indonesia 2021,"Indonesia's Government Regulation No. 34 of 2021 on the Employment of Foreign Workers in Indonesia mandates Employers to appoint an Indonesian worker as a counterpart to the foreign worker to facilitate knowledge and skill transfer. And, Employers must provide training and education to Indonesian workers to ensure the transfer of skills and technology from foreign workers.

Article 7 mandates that employers appoint an Indonesian employee as a counterpart (known as ""Tenaga Kerja Pendamping"") to each foreign worker. The purpose of this requirement is to ensure the transfer of knowledge and skills from the foreign worker to the Indonesian counterpart, aligning with the job qualifications required for the position occupied by the foreign worker.
Article 8 requires employers to conduct education and training for the Indonesian counterparts. The training should be in accordance with the position held by the foreign workers, ensuring that the local employees gain the necessary skills and knowledge.",Since 2021,https://peraturan.bpk.go.id/Details/198052/peraturan-pemerintah-nomor-34-tahun-2021,,,,
3,3.2,Joint venture requirements,0,"Regulation of the Minister of Communication and Informatics of the Republic of Indonesia No.6 on the Provision of Internet Protocol Television (IPTV) Services 2017 

",The Ministry of Communication and Information Technology Regulation No. 6/2017 introduces the requirement that any consortium providing Internet Protocol Television (IPTV) must consist of at least two Indonesian entities (Art. 4). ,"Since February 2017
",https://peraturan.bpk.go.id/Details/150102/permenkominfo-no-6-tahun-2017,,,,
3,3.3,Nationality or residency requirements for board of directors or managers,1,Regulation of Ministry of Manpower and Transmigration No.40 on Certain Positions which are Closed to Foreign Manpower 2012,"The Ministry of Manpower and Transmigration Regulation No. 40 of 2012 specify 19 positions that were reserved for Indonesian nationals only. These positions were primarily related to human resources and included roles such as Chief Executive Officer, various directors, managers, and supervisors. The restrictions on foreign workers are particularly relevant for positions that directly impact the management and human resources of a company. This means that while foreign-owned companies can operate in Indonesia, they must adhere to the restrictions on hiring foreign workers for specific roles outlined in the regulation.
",Since February 2012,https://www.gadjian.com/blog/wp-content/uploads/2019/10/Keputusan-Menteri-Tenaga-Kerja-dan-Transmigrasi-Republik-Indonesia-Nomor-40-Tahun-2012-tentang-Jabatan-Jabatan-Tertentu-yang-Dilarang-Diduduki-Tenaga-Kerja-Asing.pdf,,,,
3,3.4,"Screening of investment and acquisitions
Exception: Anti-trust measures related to M&A are not considered a restriction, unless discriminatory. ",0,"Law No.11 on Job Creation 2020;

Law No.6 on the Stipulation of Government Regulation in Lieu of Law No.2 of 2022 on Job Creation as Law 2023","In 2020, Indonesia issued the Omnibus Law 2020 (as amended by the Regulation in Lieu of Law No. 2 of 2022 on Job Creation) that removes the possibility for the Indonesian government to block foreign investments based on national interest considerations. The regulation states that all sectors are open for foreign investments except the sectors that are close for foreign investments such as chemical weapons, substances harming ozone, narcotics, gambling activities, fishery activities related to Annex 1 of CITEs,  and corrals. None of these sectors are related to digital and computer services.

The Omnibus Law 2023, known as Law No. 6 of 2023, builds upon the previous Omnibus Law enacted in 2020, aiming to further streamline regulations and enhance the investment climate in Indonesia. This law introduces significant reforms to simplify business licensing processes, reduce bureaucratic hurdles, and promote foreign direct investment across various sectors. It emphasizes the government's commitment to creating a more favorable environment for investors by ensuring that all sectors are generally open to foreign investment, except for those explicitly restricted, such as industries related to chemical weapons, narcotics, and certain environmental concerns. The Omnibus Law 2023 reflects Indonesia's strategic approach to attract foreign capital while balancing national interests, particularly in sectors deemed sensitive or critical to national security.

Article 12 of the Omnibus Law 2023 states that all business sectors are open to foreign investment, except for those explicitly closed to foreign investment. This indicates a more liberal approach to foreign investment, reducing the scope for screening based on national interest considerations. Article 13 outlines the sectors that are closed to foreign investment, which include specific industries such as narcotics, gambling, and certain environmental concerns. Article 76 (reinfored by Article 77) of the Omnibus Law emphasizes simplifying investment requirements and procedures, which aligns with the government's goal of attracting foreign investment and reducing bureaucratic hurdles.","Since November 2020, last amended in November 2022;

Since March 2023","https://peraturan.bpk.go.id/Home/Details/149750/uu-no-11-tahun-2020
;
https://peraturan.bpk.go.id/Details/234926/perpu-no-2-tahun-2022",https://peraturan.bpk.go.id/Details/246523/uu-no-6-tahun-2023,,,
3,3.5,Commercial presence requirements to offer cross-border services in sectors relevant to digital trade,1,"Law No. 25/2007 (the Investment Law) ;                            Law No. 40/2007 on Limited Liability Company ;                                        Government Regulation (PP) Number 80 of 2019 on Trade through Electronic Systems
","Indonesia's Limited Liability Companies Act No. 40 of 2007 provides a comprehensive framework for the establishment, operation, and regulation of limited liability companies in Indonesia. It outlines several provisions that relate to the establishment and operation of companies, which can be interpreted as part of the broader regulatory environment that might imply a commercial presence requirement. Article 5 (Domicile Requirement) Companies must have a name and domicile within the territory of Indonesia, as specified in their articles of association. Articles 92-120 (Board of Directors and Commissioners) outlines the roles and responsibilities of the Board of Directors and Board of Commissioners, emphasizing the need for local management and oversight, which can be seen as part of maintaining a commercial presence. ","Since August 2007, last amended in 2020",http://peraturan.go.id/common/dokumen/ln/2007/uu40-2007.pdf,,,,
4,4.9,Lack of effective trade secrets legal framework,1,Regulation of the Minister of Law and Human Rights No.38 on Patent Applications 2018,"In Indonesia, recent legislation and regulations regarding patent applications indicate both procedural and financial considerations, as well as specific requirements for foreign applicants. However, no explicit discriminatory clause exist regarding examination or rejection based on foreign status; all applicants must adhere to local procedural requirements, including language and document standards.

A Local Representation for Foreign Applicants exist, according to Article 38(2), patent applications filed under the Patent Cooperation Treaty (PCT) must be submitted by either an Indonesian legal entity or resident, or a foreign legal entity or individual domiciled in Indonesia. However, it is important to understand that no mandatory local representation requirement for non-PCT patent applications under Indonesian regulations. The explicit requirement for local representation applies only to PCT applications.

Fees are defined in Article 37(5) and Article 45. These provisions outline various fees including transmittal fees, search fees, and page-excess fees, which may increase the cost substantially, especially for complex applications.

Article 3(2) (Article 3(2)) states that patent applications must be submitted in Bahasa Indonesia. Additionally, if documents are initially in a foreign language, Article 17(6) requires that translations for the title, description, claims, and abstract be provided in Bahasa Indonesia within 30 days of filing. Failure to provide these translations will result in the application being considered withdrawn.

The provisions for international priority claims align with the Paris Convention, as specified in Permenkumham Nomor 38 Tahun 2018, Article 36(1). This article confirms that an application claiming priority must be submitted within 12 months from the priority date. If the deadline is not met, the priority right is forfeited, which could impact the application’s precedence over similar filings.",Since December 2018,https://peraturan.bpk.go.id/Details/133178/permenkumham-no-38-tahun-2018,,,,0.319
4,4.1,Patent application issues,1,"Law No.13 on Patent 2016
;
Patent Law No.65 on the Third Amendment to the Patent Law No.13 2024","The Patent Law Number 13 of 2016 mandates a Local Agent (Kuasa), Article 1, No. 7 (Article 1, No. 7) specifies that a local intellectual property consultant or agent is mandatory for filing if the applicant is represented by someone other than themselves.

A Local Filing Requirement is outlined in Article 46 of Undang-Undang Nomor 13 Tahun 2016 as amended by UU Nomor 65 Tahun 2024, applicants are required to file patents in Indonesia within a specific time frame if claiming priority rights. This impacts applicants who intend to file abroad first, as it imposes a procedural prerequisite to file domestically.

A concerpt of claiming priority, Article 30 of Law Number 65 of 2024 which is the Third Amendment to Law Number 13 of 2016 on Patents, an applicant who wishes to claim priority under the Paris Convention must file the patent in Indonesia within 12 months of the original filing date in another country. If this 12-month period is missed, the application may still be filed within an additional 4-month grace period, but this requires payment of additional fees. ","Since August 2016, last amended in October 2024
;
Since October 2024",https://peraturan.bpk.go.id/Details/37536/uu-no-13-tahun-2016,https://peraturan.bpk.go.id/Details/306515/uu-no-65-tahun-2024,,,
4,4.2,"Patent enforcement issues: civil and administrative procedures and remedies, provisional and other measures",0,"Law No.13 on Patent 2016
;
Patent Law No.65 on the Third Amendment to the Patent Law No.13 2024
;
Regulation of the Government of the Republic of Indonesia No.71 on the Provision of Electronic System and Transaction 2019","In Indonesia's current legislation covers civil and administrative remedies and provisional measures in the context of patent enforcement and protection. 

Article 47 (UU Nomor 13 Tahun 2016) allows for substantive examination procedures. Article 132 (UU Nomor 13 Tahun 2016) provides the basis for filing civil suits for patent infringement. However, these civil provisions do not specify expedited civil relief or injunctions within standard procedures, indicating a lack of structured civil remedies aimed explicitly at rapid enforcement. Thus,  provides only the right for patent holders to initiate civil lawsuits for damages due to patent infringement, covering civil remedies.

UU Nomor 65 Tahun 2024 (the latest amendment to the patent law) details administrative processes. There are limited administrative pathways, such as appeals to the Patent Appeal Commission (Komisi Banding Paten) for specific decisions, but this is not equivalent to the broader administrative enforcement seen in some other jurisdictions. Article 120, UU Nomor 65 Tahun 2024 includes the option for administrative action by the Directorate General of Intellectual Property (DGIP), which oversees patent administration but does not specify immediate administrative remedies for enforcement. 

Essentially, in Indonesia, legal remedies concerning intellectual property - particularly through litigation - are submitted to the Commercial Court. as of now, there are no specific procedural rules governing proceedings in the Commercial Court, so cases continue to follow the general civil procedure law. 

Additionally, provisional measures are explicitly provided for under Law Number 13 of 2016 on Patents, which remains in effect. The Law provides a mechanism for provisional or emergency measures in responsee to potential or ongoing patent infringements. Specifically, Chapter XIV on PROVISIONAL DETERMINATION BY THE COURT, in Article 155, which states: 
At the request of the party suffering losses due to the implementation of the Patent, the Commercial Court may issue a provisional determination to:
a.	prevent the entry of goods suspected of infringing the Patent and/or related rights.
b.	secure and prevent the removal of evidence by alleged infringer; and/or
c.	halt the infringement in order to prevent further losses.","Since August 2016, last amended in October 2024
;
Since October 2024
;
Since October 2019",https://peraturan.bpk.go.id/Details/37536/uu-no-13-tahun-2016,https://peraturan.bpk.go.id/Details/306515/uu-no-65-tahun-2024,https://peraturan.bpk.go.id/Home/Details/122030/pp-no-71-tahun-2019,,
4,4.2,"Patent enforcement issues: civil and administrative procedures and remedies, provisional and other measures",0,"Law No.13 on Patent 2016
;
Patent Law No.65 on the Third Amendment to the Patent Law No.13 2024","The provisions regarding Compulsory Licenses are regulated under Articles 81 to 107 of Law Number 13 Year 2016 on Patents. 
Meanwhile, Articles 109-110 are Articles related to Patent Implementation by the Government.

Article 20 of Law Number 13 Year 2016 on Patents, has been amended through Law Number 6 Year 2023, which ratifies Government Regulation in Lieu of Law Number 2 Year 2022 on Job Creation into Law..
The amended provision reads as follows: 
Article 20
(1)	Patents must be implemented in Indonesia.
(2)	The implementation of a patent as referred to in paragraph (1)includes:
a.	the implementation of product Patent which covers the manufacturing, importing, or licensing the Patented product;
b.	the implementation of a process-Patent which covers making, licensing, or importing products produced from the Patented process; or
c.	the implementation of a method, system, or use Patent which covers making, importing, or licensing products resulting from the Patented method, system, and use. 

Thus, the implementation of a patent is not limited to local manufacturing in Indonesia, but can also be carried out through other means such as importing or licensing. This approach ensures that the provision does not place an undue burden on foreign patent holders.","Since August 2016, last amended in October 2024
;
Since October 2024",https://peraturan.bpk.go.id/Details/37536/uu-no-13-tahun-2016,https://peraturan.bpk.go.id/Details/306515/uu-no-65-tahun-2024,,,
4,4.3,Not in the WIPO Copyright Treaty (WCT),0,"Patent Cooperation Treaty;

Presidential Decree No. 16 of 1997 on the Ratification of the Patent Cooperation Treaty","Indonesia is one of the Contracting States to the Patent Cooperation Treaty. However, Indonesia does not consider itself bound by Article 59 (related to any dispute between any Contracting State having made such a declaration and any other Contracting State).

Presidential Decree No. 16 of 1997 on the Ratification of the Patent Cooperation Treaty (PCT) and its regulations expressly sets forth Indonesia’s position with regard to Article 59 of the PCT. The Decree states that Indonesia does not consider itself bound by Article 59, which relates to the settlement of disputes between Contracting States, particularly those concerning the interpretation or application of the PCT and its regulations.

Article 59 of the PCT provides that disputes between Contracting States should be resolved through negotiation, or if that fails, by submission to the International Court of Justice (ICJ). By reserving its position and opting not to be bound by this provision, Indonesia has effectively excluded itself from the default dispute resolution mechanism under the PCT.

As a result, any disputes involving Indonesia and other PCT Contracting States regarding the interpretation or application of the Treaty cannot be brought before the ICJ based on Article 59 alone, unless Indonesia expressly agrees to such a procedure in a separate arrangement.","Since 1997;

Since May 1997",https://www.wipo.int/pct/en/pct_contracting_states.html,https://www.wipo.int/wipolex/en/legislation/details/22582,,,
4,4.4,Lack of copyright framework and exceptions,0.50,"Law No.28 on Copyright 2014
;
Indonesian Constitutional Court Case No.84/PUU-XXI/2023 2024","The Indonesian copyright law, primarily governed by Law No. 28 of 2014 concerning Copyright, has been criticized for not adequately addresses ing the complexities of digital content and user-generated content (UGC). A recent (February 29, 2024) ruling by the Indonesian Constitutional Court (case Number 84/PUU-XXI/2023) declared Article 10 of this law unconstitutional because it did not provide sufficient protection for UGC platforms, highlighting a significant gap in the legal framework that fails to keep pace with technological advancements (Article 10 of the Copyright Law: Managers of business premises are prohibited from allowing the sale and/or reproduction of goods resulted from Copyrights and/or Related Rights infringements in the location under their management. ) The Court found that the law's narrow focus on physical trading places excluded digital platforms, creating a legal gap that allowed copyright violations to persist without adequate enforcement. This lack of a comprehensive copyright framework and exceptions to address technological advancements violated the constitutional rights of creators to fair legal protection and economic benefits. The decision emphasized the need for updated regulations to ensure digital platforms prevent and address copyright violations effectively

Article 2: Specifies the scope of the law, stating that it applies to all works created by Indonesian nationals, residents, and legal entities, as well as foreign works published in Indonesia.
Article 3: Outlines the types of works protected under the law, including literary, artistic, and scientific works.
Article 4: Discusses the exclusive rights of authors, which include the right to reproduce, distribute, and publicly perform their works.
Article 5: Details the moral rights of authors, which include the right to attribution and the right to object to derogatory treatment of their works.

Indonesia does provide certain exceptions that allow for the use of copyrighted works without permission, these exceptions are not as broad or flexible as the fair use or fair dealing doctrines found in other countries. The Indonesian copyright law is more prescriptive, outlining specific scenarios in which copyrighted material can be used without infringing on the rights of the copyright holder. Articles 43-47: Provides exceptions for educational purposes, allowing the use of copyrighted works without permission for teaching, research, and other educational activities, provided that the use is not for commercial purposes. Including the reproduction of works for personal use, use of works for public interest, use of works in the context of news reporting and use of works in the context of criticism or review. 

","Since October 2014;
;
Since February 2024","https://peraturan.bpk.go.id/Details/38690
",https://www.mkri.id/public/content/persidangan/putusan/putusan_mkri_9661_1709181864.pdf,https://www.mkri.id/public/content/persidangan/putusan/putusan_mkri_9661_1709181864.pdf,,
4,4.5,Online copyright enforcement issues: civil and administrative procedures and remedies; and provisional measures,0,Law No.28 on Copyright 2014,"In Indonesian Copyright Law (UU Nomor 28 Tahun 2014) contains several provisions regarding the enforcement of online copyright, specifically in terms of civil and administrative procedures, remedies, and provisional measures:

- Civil Remedies: Article 95 allows copyright holders to seek damages and pursue civil action against infringers, including online copyright violations. The article provides for compensation if copyright or related rights are infringed upon, covering both economic and moral rights. Article 95 provides copyright holders the right to pursue civil action for damages.

- Administrative Procedures: Article 49 mandates that the Directorate General of Intellectual Property (DGIP) in Indonesia oversees copyright protection and can coordinate with other agencies for enforcement. This coordination extends to digital platforms, though there is limited specificity about procedural details or administrative recourse for immediate action. Articles 54 and 55 establish government mechanisms to monitor and prevent digital copyright infringement, including through reporting systems and technological controls. Article 113 allows authorities to impose sanctions on those who facilitate or conduct unauthorized reproduction and distribution of copyrighted works, which could include digital content shared online.

- Provisional Measures: Article 98/99 allows copyright holders to request the court to issue provisional measures, including the cessation of alleged infringing acts, to prevent ongoing harm. This could theoretically apply to online copyright violations, although the practicality of obtaining quick provisional relief is limited by procedural complexity. Article 106: Allows the Commercial Court to issue provisional measures upon request from the aggrieved party. These measures can include preventing the entry of goods suspected of copyright infringement into the trade channels, withdrawing and seizing infringing goods, and preventing further infringement to avoid greater losses, fulfilling the requirement for interim relief.

- Provisions for Enforcement: Article 72 and Article 73 cover digital copyright infringements and permit the blocking of infringing online content, working through the Ministry of Communication and Informatics (MOCI) for enforcement in online environments. Article 107: Details the requirements for requesting provisional measures, such as providing evidence of copyright ownership and initial indications of infringement. Additionnally, Article 105 states that the right to file a civil lawsuit for copyright infringement does not preclude the right to pursue criminal charges, highlighting the dual avenues for enforcement.
",Since October 2014,https://peraturan.bpk.go.id/Download/28018/UU%20Nomor%2028%20Tahun%202014.pdf,,,,
4,4.6,Not in the WIPO Copyright Treaty (WCT),0,WIPO Copyright Treaty,"Ratified the WIPO Copyright Treaty since 1997

Relevant Articles from Law No. 28 of 2014
Article 54: This article outlines the government's authority to prevent copyright infringement through technological means, reflecting the obligations under the WCT to protect copyright in the digital environment.
Article 55: This article allows individuals to report copyright violations that occur through electronic means, facilitating enforcement actions against online infringement.
Article 106: Provides for provisional measures that can be taken by the court to prevent further infringement, which aligns with the WCT's emphasis on effective enforcement mechanisms.","Since 1997, entry into force since 2002",https://wipolex.wipo.int/en/treaties/ShowResults?search_what=C&treaty_id=16,https://peraturan.bpk.go.id/Download/28018/UU%20Nomor%2028%20Tahun%202014.pdf,,,
4,4.7,Not in the WIPO Performances and Phonographs Treaty (WPPT),0,WIPO Performances and Phonogram Treaty,"Ratified WIPO Performances and Phonogram Treaty since 2004

The UU Nomor 28 Tahun 2014 outlines Indonesia's Copyright Law, which includes explicit articles that relate to the implementation of the WIPO Performances and Phonograms Treaty (WPPT).

Article 20: This article defines ""Hak Terkait"" (Related Rights), which includes the rights of performers, producers of phonograms, and broadcasting organizations. This aligns with the WPPT's focus on protecting the rights of performers and producers of phonograms.
Article 21: Discusses the moral rights of performers, which are rights that cannot be waived or transferred, even if economic rights are transferred. This is consistent with the WPPT's provisions on moral rights.
Article 22: Details the moral rights of performers, including the right to be acknowledged as the performer and to object to any distortion or modification that would harm their reputation.
Article 23: Outlines the economic rights of performers, which include the right to authorize or prohibit the broadcasting and communication to the public of their performances.
Article 25: Discusses the economic rights of broadcasting organizations, including the right to authorize or prohibit rebroadcasting, communication to the public, and fixation of their broadcasts.
Article 27: Specifies the right to equitable remuneration for performers and producers of phonograms when their phonograms are used for broadcasting or communication to the public, which is a key aspect of the WPPT.
Article 28: States that producers of phonograms must share a portion of their income with performers, reflecting the WPPT's emphasis on fair compensation.","Since 2004, entry into force since 2005",https://wipolex.wipo.int/en/treaties/ShowResults?search_what=C&treaty_id=20,https://peraturan.bpk.go.id/Download/28018/UU%20Nomor%2028%20Tahun%202014.pdf,,,
4,4.8,"Mandatory disclosure of trade secrets, such as source code and algorithms",0.50,"Regulation of the Government of the Republic of Indonesia No.71 on the Provision of Electronic System and Transaction 2019
;
Law No.30 on Trade Secret 2000","There are no provisions governing the disclosure of trade secrets (including source code) in the context of trade conducted through electronic systems under Government Regulation Number 80 of 2019 or Minister of Trade Regulation Number 31 of 2023. Government Regulation No.82 of 2012 as replaced by the Government Regulation No.71/2019 requires that providers of bespoke software provide or escrow the source codes associated with their service.

In Indonesia, the mandatory disclosure of trade secrets, including source code and algorithms, is primarily governed by the Law No. 30 of 2000 on Trade Secrets and Government Regulation No. 82 of 2012 on the Implementation of Electronic Systems and Transactions. While there is no broad requirement for mandatory disclosure of trade secrets in Indonesia. 

Law No. 30 of 2000 on Trade Secrets:
Article 1: Defines trade secrets and establishes the criteria for what constitutes a trade secret, emphasizing that it must be kept confidential and not generally known to the public.
Article 3: States that trade secrets are protected as long as they are kept confidential and have economic value. This implies that there is no general requirement for mandatory disclosure unless specified by law.
Article 11: Allows the holder of a trade secret to file a lawsuit against anyone who unlawfully discloses or uses the trade secret. This reinforces the idea that trade secrets should not be disclosed without consent.
Article 14 implies that a violation occurs if someone obtains or controls a trade secret in a manner contrary to the law.
Article 17 states that any person who deliberately and without rights uses the trade secret of another party, or conducts any acts as referred to in Article 13 or Article 14, can be sentenced to imprisonment of up to 2 years and/or a fine of up to 300 million rupiah.

Government Regulation No. 82 of 2012:
Article 8: Requires providers of electronic systems to submit source code and documentation to the relevant government agency when developing software for public institutions. 
Article 9: Mandates that providers must ensure the confidentiality of the source code used in their systems, indicating that while there may be a requirement to disclose to certain authorities, the confidentiality of that information must still be maintained.
Article 29: States that for criminal proceedings, electronic system providers must provide information contained in their systems upon lawful request from investigators.
The regulation does not impose any mandatory disclosure of trade secrets. Instead, it provides strong protections to ensure that the confidentiality of trade secrets is maintained during administrative, investigative, and legal processes.

Government Regulation No. 71 of 2019
Article 9: Developers of software specifically created for Penyelenggara Sistem Elektronik Lingkup Publik (Public Sector Electronic System Providers) are required to submit the source code and documentation of the software to the relevant public institution or agency.
If the public institution or agency does not have the infrastructure to store the source code, the developer must submit it to a trusted third party (source code escrow).
The developer must ensure that the source code and documentation are accessible to the trusted third party and guarantee its confidentiality. The source code is to be used only for the purposes of the public sector entity.
","Since October 2019;

Since December 2000",https://peraturan.bpk.go.id/Home/Details/122030/pp-no-71-tahun-2019,https://www.wipo.int/wipolex/en/legislation/details/2258,,,
4,4.9,Lack of effective trade secrets legal framework,0,Law No.30 on Trade Secret 2000,"Indonesia has a specific law (Law No. 30 of 2000) that defines trade secrets, outlines the rights of trade secret holders, and provides mechanisms for protection and enforcement. This indicates that there is a legal framework in place. The law provides clear definitions of what constitutes a trade secret and the conditions under which it is protected. Trade Secrets are legally defined as information in the field of technology and/or business that is not known by the public and has economic values as it is useful in business activities, and the confidentiality of which is maintained by its owner (Article 1). Trade secrets are protected as long as they are kept confidential and have economic value. This implies that there is no general requirement for mandatory disclosure unless specified by law (Article 3). It includes provisions Rights of Trade Secret Holders: Owners have the right to use, license, or prevent unauthorized use of their trade secrets (Articles 4 and 6). And the law allows trade secret holders to seek legal remedies against unauthorized disclosure or use (Articles 11 and 12). 

The law includes specific provisions regarding the rights of trade secret holders, the conditions for protection, and the legal recourse available in cases of infringement. Any person who deliberately and without rights uses the Trade Secret of another party, or conducts any acts as referred to in Article 13 or Article 14 of Law No. 30 shall be sentenced to imprisonment of at most 2 (two) years and/or a fine (Article 17). 

However, the law lacks implementing regulations, and there is no discovery procedure provided. As a result, certain aspects—such as the mechanism or parameters for proving violations—are not yet clearly regulated. The effectiveness of these provisions can vary in practice, indicating that while there is a framework, it may not be fully effective in all situations. The Law does not explicitly mention the lack of a discovery procedure, but it is a known issue in many legal systems that do not have robust discovery processes. This can make it difficult to prove that a trade secret was unlawfully obtained, especially if the suspected party had a prior relationship or access to the trade secret.",Since December 2000,https://www.wipo.int/wipolex/en/text/182062,,,,
5,5.1,Absence of passive infrastructure sharing,0,Law No.11 on Job Creation 2020,"The Omnibus Law 2020 (as amended by the Regulation in Lieu of Law No. 2 of 2022 on Job Creation) requires business players with “passive infrastructure” used for telecommunications service activities to share access to such infrastructure with other telecommunications operators. “Passive infrastructure” includes ducting, towers, poles and other infrastructure that can be used for telecommunications networks. The central government and regional governments may participate in the development of passive infrastructure for common use by telecommunications operators.

The Omnibus Law (specifically Law Number 11 of 2020 on Job Creation) does mandate the sharing of passive telecommunications infrastructure in Indonesia. The Omnibus Law aims to streamline regulations and promote investment in various sectors, including telecommunications. It encourages the sharing of infrastructure to reduce costs and improve service delivery.

Article 15 specifically addresses the sharing of telecommunications infrastructure, stating that telecommunications operators are required to cooperate in the utilization of passive infrastructure. This includes sharing towers, ducts, and other facilities to enhance efficiency and reduce redundancy in infrastructure development. The law provides a framework for the government to establish regulations that facilitate infrastructure sharing. This includes setting standards for cooperation and ensuring that all operators have fair access to shared infrastructure.
","Since November 2020, last amended in November 2022","https://peraturan.bpk.go.id/Home/Details/149750/uu-no-11-tahun-2020
;
https://peraturan.bpk.go.id/Details/234926/perpu-no-2-tahun-2022",,,,0.574
,5.1,Absence of passive infrastructure sharing,0,"Regulation of the Government of the Republic of Indonesia No.52 on Telecommunications Operations 2000
;
Regulation of the Government of the Republic of Indonesia No.46 on Post, Telecommunications, and Broadcasting 2021
;
Regulation of Minister of Communications and Informatics No.5 on Telecommunications Operation 2021","Indonesia regulations promote infrastructure sharing.  

Government Regulation Number 52 of 2000 on Telecommunications Operations:
This regulation doesn't directly address passive infrastructure sharing. However, the overarching goal of promoting efficient telecommunications operations (Article 1, point 8 and other articles) implicitly supports infrastructure sharing as a means to achieve efficiency.  The lack of specific mention highlights the regulatory gap that existed before more recent legislation.

Government Regulation Number 46 of 2021 on Post, Telecommunications, and Broadcasting:
This regulation doesn't have a dedicated article on passive infrastructure sharing, Article 22 discusses passive infrastructure.
Article 22: This article mentions passive infrastructure (points a-e) and allows for cooperation between network operators and passive infrastructure providers (point 1). It emphasizes fair and cost-based utilization (point 4) and allows the Minister to set upper limits on utilization prices if necessary (point 6). This shows a more proactive approach to encouraging passive infrastructure sharing compared to the 2000 regulation. However, it still relies on cooperation rather than direct mandates.

Regulation of Minister of Communications and Informatics Number 5 of 2021 on Telecommunications Operations:
This regulation delves deeper into the practical aspects of infrastructure sharing, particularly passive infrastructure.
Article 20 - Article 32: This section extensively covers the provision and utilization of passive infrastructure. It mandates that passive infrastructure providers open access to Telecommunications Operators (Article 23), outlines the principles of fair and non-discriminatory cooperation (Article 21), and details the process of determining reasonable tariffs (Article 28-31). It establishes a framework for cooperation and tariff setting, aiming to facilitate sharing.

While these articles establish a framework for cooperation and access, they do not explicitly mandate that all passive infrastructure must be shared. Instead, they set conditions and requirements for how such sharing should be conducted if it occurs. The emphasis is on ensuring fair, reasonable, and non-discriminatory access, rather than imposing an outright obligation to share all passive infrastructure.","Since July 2000, last amended in February 2021
;
Since February 2021
;
Since March 2021","Since July 2000, last amended in February 2021
;
Since February 2021
;
Since March 2021",https://peraturan.bpk.go.id/Home/Details/161970/pp-no-46-tahun-2021,https://jdih.kominfo.go.id/produk_hukum/unduhTerjemahan/id/768/t/peraturan+menteri+komunikasi+dan+informatika+nomor+5+tahun+2021,,
5,5.2,Foreign equity limits in telecom sector,0,"Presidential Regulation No.10 on Investment Business Sectors 2021;

Presidential Regulation No.49 on Amendments to Presidential Regulation No.10 on Investment Business Sectors 2021","In February 2021, Indonesia issued Presidential Regulation No.10/2021 that further liberalized the telecommunication sectors by allowing 100 percent foreign ownership in telecommunication service providers and telecommunication tower. Previously, foreign ownership in various telecommunications businesses, such as fixed and mobile networks, was capped at 67%. Under the New Investment List (Presidential Regulation No. 10 of 2021), these restrictions have been removed, allowing 100% foreign ownership in most telecommunications business lines (including: Fixed and mobile telecommunication networks, Internet service providers, Data communication system services, Telecommunication content services).

Presidential Regulation No. 49 of 2021 amended the Presential Regulation No.10/2021:
- Article 2 - All business sectors are open for investment, except for sectors that are:
(a) Closed to investment.
(b) Only to be conducted by the central government.
(1a) Open sectors include those that are commercial in nature.
Article 3(1)(b) states that certain business fields are allocated or require partnerships with cooperatives and MSMEs.
Article 5(1) and (2) specifies that business fields allocated for cooperatives and MSMEs include those that:
- Do not use advanced technology or use simple/intermediate technology.
- Are labor-intensive or have cultural heritage significance.
- Have a capital threshold of up to IDR 10 billion (excluding land and buildings).
Article 5(4) refers to Annex II of the regulation, which lists specific business fields reserved for MSMEs or cooperatives. Tower construction using simple or intermediate technology is included in this annex.
- Article 6 - Business sectors with specific requirements can be undertaken by all investors, including cooperatives and SMEs, under certain conditions:
(b) Investment with restrictions on foreign ownership.
(3) Specifies that sectors with restrictions on foreign ownership include:
(a) Trade in alcoholic beverages (importers, distributors, and sub-distributors).
(b) Retail trade of alcoholic beverages.
","Since February 2021, last amended in May 2021
;
Since May 2021
",https://peraturan.bpk.go.id/Details/161806/perpres-no-10-tahun-2021,https://peraturan.bpk.go.id/Details/168534/perpres-no-49-tahun-2021,,,
5,5.2,Foreign equity limits in telecom sector,0,"Regulation of the Investment Coordinating Board  No.4  on Guidelines and Procedures for Risk-Based Business Licensing Services and Investment Facilities 2021;

Presidential Regulation No.49 on Amendments to Presidential Regulation No.10 on Investment Business Sectors 2021","Regulation of the Investment Coordinating Board (BKPM) No. 4 of 2021 Provides technical guidelines on implementing the provisions of Presidential Regulation No. 10 of 2021. Article 12 reiterates the 67% foreign ownership cap for telecommunication tower companies. 

Regarding foreign ownership in telecommunication tower companies, Article 12 of BKPM Regulation No. 4 of 2021 initially reiterated the 67% foreign ownership cap. However, this was later revised under the New Investment List (Daftar Positif Investasi), which was introduced as part of Presidential Regulation No. 10 of 2021 (amended by the Presidential Regulation No. 49 of 2021 in May 2021). The New Investment List opened up several sectors, including telecommunication towers, to 100% foreign ownership. This change reflects Indonesia's efforts to attract more foreign direct investment by liberalizing previously restricted sectors.
","Since April 2021;

Since February 2021, last amended in May 2021",https://peraturan.bpk.go.id/Details/168903/peraturan-bkpm-no-4-tahun-2021,"https://peraturan.bpk.go.id/Details/168534/perpres-no-49-tahun-2021; 

https://peraturan.bpk.go.id/Home/Details/161806/perpres-no-10-tahun-2021",,,
5,5.2,Foreign equity limits in telecom sector,0.50,"Law No.19 on State-owned Entities 2003
;
Regulation of the Government of the Republic of Indonesia No.15 of 2013 on the Implementation of Law No.38 of 2009 on Postal Services 2013
;
Regulation of the Government of the Republic of Indonesia No.46 on Postal Services, Telecommunications, and Broadcasting 2021",There is a limit of 49% on the shares that can be acquired by foreign investors in government-controlled firms. This includes foreign participation to SOEs in telecommunication and delivery service sectors (as regulated in the Government Regulation No. 15/2013 amended by the Government Regulation No.41/2021). ,"Since June 2003
;
Since March 2013, last amended in February  2021
;
Since February  2021","https://peraturan.bpk.go.id/Details/43919/uu-no-19-tahun-2003
; 
http://de.scribd.com/doc/30876080/Law-No-19-of-2003-Indonesia-State-Owned-Entities-BUMN-Wishnu-Basuki#scribd
",https://peraturan.bpk.go.id/Home/Details/5347,https://peraturan.bpk.go.id/Home/Details/161970/pp-no-46-tahun-2021,,
5,5.2,Foreign equity limits in telecom sector,0.50,Regulation of the Minister of Communication and Informatics of the Republic of Indonesia No.13 on Technical Standards for Telecommunication Equipment and/or Mobile Telecommunication Devices Based on Long Term Evolution Technology Standards and International Mobile Telecommunication-2020 Technology Standards 2021,"Internet Service Providers (ISPs) and Application Service Providers (ASPs) (67% cap):
Minister of Communication and Information Technology Regulation No. 13 of 2021 on Telecommunications Services:
- Article 5: Defines general telecommunication services subject to foreign ownership restrictions.
- Article 8: Caps foreign ownership for ISPs and ASPs at 67%, to maintain a degree of local control over critical telecommunication infrastructure.

",Since October 2021,https://peraturan.bpk.go.id/Details/203124/permenkominfo-no-13-tahun-2021,,,,
5,5.3,Shares owned by the Government in telecom companies,1,State Owned Enterprises (SOEs),"PT Telekomunikasi Indonesia (Telekom), the incumbent, is a semi-privatized, majority State-owned company. The Government of Indonesia is the majority shareholder with 52.09 percent shares. It has a dominant market share in terms of mobile phone subscribers (approximately 45 to 50%).  In 2019, Telekom's cellular network had 59.6% market shares making it the biggest player among the competitors.

Moreover, other leading Telecom Companies in the Indonesia:
PT Telekomunikasi Selular (trading as Telkomsel) SOE - 69.9% owned by PT Telekomunikasi Indonesia Tbk (Telkom Indonesia), and 30.1% Singapore Telecom Mobile Pte Ltd. (https://www.telkomsel.com/download?type=annual&category=report&file=Annual-Report-Telkomsel-2023_0.pdf). 

Telkom Indonesia - 52.09% SOE owned by the Indonesian Government (https://www.telkom.co.id/minio/show/data/lampiran/1711937228285_original_Annual%20Report%20Telkom%202023_website.pdf)

Indosat Ooredoo Hutchison (Privately owned) - Qtel is a majority stakeholder, 65.6% shares are held by Ooredoo Hutchison Asia

Hutchison 3 Indonesia - (Privately owned) (https://ioh.co.id/portal/en/ioh-investor-document?_deftabid=0#)

XL Axiata - Privately Owned by Axiata Investments (Indonesia) Sdn. Bhd. (https://staticxl.ext.xlaxiata.co.id/s3fs-public/media/documents/Laporan%20Tahunan%20Terintegrasi%202023.pdf)

Smartfren - Privately Owned (https://www.smartfren.com/app/uploads/2024/04/Smartfren-ARSR-2023-240912.pdf)
","Last reviewed in November 2024
",http://www.indonesia-investments.com/business/indonesian-companies/telekomunikasi-indonesia/item201,https://www.telkom.co.id/data/lampiran/1590758225160_6K_Annual_Report_2019.pdf,https://telkom.co.id/sites/about-telkom/en_US/page/profile-and-brief-history-24,https://www.telkom.co.id/sites/hubungan-investor/id_ID/page/komposisi-pemegang-saham-220,
5,5.4,Lack of functional/accounting separation,0.50,"Regulation of the Government of the Republic of Indonesia No.52 on Telecommunications Operations 2000;

Regulation of the Government of the Republic of Indonesia No.46 on Post, Telecommunications, and Broadcasting 2021
","The classification of telecom regulations in Indonesia can be determined as only accounting separation is mandated:

Government Regulation No. 52 of 2000 on Telecommunications Operations and Elucidation on Government Regulation No. 52 of 2000, Article 8, Paragraph (2), This article mentions the requirement for separate business activities, which implies a clear separation of the accounting system in any telecommunications operation business. This is intended to guarantee fair business competition and facilitate accounting audits.

Note that Government Regulation No.52/2000 regarding Telecommunications Operations amended by the Government Regulation No. 46/2021. The regulation includes provisions to ensure fair competition and non-discriminatory access to infrastructure and services (e.g., Article 23, Article 25, and Article 26). There is no explicit requirement for functional separation (i.e., the operational separation of network infrastructure from retail services) in the text of Government Regulation No. 46 of 2021.","Since July 2000, last amended in February 2021;

Since February 2021","https://peraturan.bpk.go.id/Details/53323/pp-no-52-tahun-2000; 

https://www.postel.go.id/content/EN/regulasi/telecommunication/pp/gr52-2000.pdf",https://peraturan.bpk.go.id/Home/Details/161970/pp-no-46-tahun-2021,,,
5,5.5,Licensing requirements in telecom sector for operators,0,Law No.36 on Telecommunications 1999,"Part four of the Act addresses licensing (Articles 11 to 22). Article 11 states that telecommunications operations may be conducted after obtaining a license from the Minister. The license as referred shall be granted by considering: a. simple procedure; b. transparent, fair, and non-discriminatory process; and c. short time of completion. Provisions on license for the telecommunications operations as referred to in paragraph (1) and paragraph (2) shall be stipulated in a Government Regulation.

",Since September 1999,https://peraturan.bpk.go.id/Details/45357/uu-no-36-tahun-1999,https://jdih.komdigi.go.id/storage/files/1574058878-_JDIH_1_Law_No_36_of_1999_on_Telecommunications.pdf,,,
5,5.5,Licensing requirements in telecom sector for operators,1,"Regulation of the Government of the Republic of Indonesia No.52 on Telecommunications Operations 2000
;
Regulation of the Government of the Republic of Indonesia No.46 on Post, Telecommunications, and Broadcasting 2021","Chapter IV addresses licensing. Article 57 provides that to obtain a business license for telecommunications operations in Indonesia, applicants must submit a written application to the Minister. In submitting the license application, the applicants shall meet the following requirements:
(a) being in the form of Indonesian juristic person in telecommunications field:
(b) having funding resources and human resources in telecommunications field.
Procedures for submission of the license application shall be stipulated in a Ministerial Decision.

The Minister will publicly announce business opportunities, specifying details such as the types, number, and locations of operations, as well as the application process, fees, and selection criteria (Article 58). Once an application is submitted, the Minister must approve or reject it within 60 working days; if no decision is made within this period, the principle license is automatically granted (Article 64). Following the approval process, a telecommunications operation license is issued only after the necessary facilities and infrastructure pass an operational worthiness test (Article 66). These licenses are granted without a time limit but are subject to evaluation every five years, with potential administrative sanctions for non-compliance (Article 67).","Since July 2000, last amended in February 2021
;
Since February 2021",https://jdih.kominfo.go.id/storage/files/1574059049-_JDIH_4_GR_No_52_of_2000_on_Telecommunications_Operations.pdf,https://peraturan.bpk.go.id/Home/Details/161970/pp-no-46-tahun-2021,,,
5,5.5,Licensing requirements in telecom sector for operators,0,Regulation of the Government of the Republic of Indonesia No.5 on Implementation of Risk-Based Businesss Licensing 2021,"In Indonesia, Government Regulation Number 5 of 2021 (GR 5/2021) governs risk-based licensing for the telecommunications sector. It establishes a risk-based business licensing system applicable to various industries, including telecommunications.

Article 149 states that the definitions and regulatory framework for postal, telecommunications, broadcasting, and electronic transactions follow the relevant sectoral laws, including the Telecommunications Law No. 36 of 1999, the Broadcasting Law No. 32 of 2002, and the Electronic Information and Transactions Law No. 11 of 2008. The risk-based licensing system applies to telecommunications businesses, categorizing them based on their potential impact and regulatory requirements.

Article 150 states that the risk-based licensing requirements for telecommunications businesses. Low-risk businesses require only a Business Identification Number (NIB), while medium-low risk businesses must obtain an NIB and a self-declared Standard Certificate. Medium-high risk businesses need an NIB and a verified Standard Certificate, and high-risk businesses must secure an NIB, a fully verified business license, and regulatory approval before commencing operations. This classification ensures that higher-risk businesses, such as mobile network operators (MNOs), satellite providers, and telecom infrastructure developers, undergo stricter oversight.

Article 151 focuses on compliance, monitoring, and sanctions for telecommunications businesses. Operators must adhere to technical, security, and service quality standards set by the Ministry of Communications and Informatics, with periodic audits and performance reviews. Businesses must submit regular compliance reports, and violations can result in warnings, fines, license suspension, or revocation for severe infractions such as service disruptions, security breaches, or fraudulent activities. This regulatory framework ensures that telecommunications services operate efficiently, securely, and in compliance with national standards.",Since February 2021,https://peraturan.bpk.go.id/Details/161835/pp-no-5-tahun-2021,,,,
5,5.5,Licensing requirements in telecom sector for operators,0,Regulation of Minister of Communications and Informatics No.5 on Telecommunications Operation 2021,"Article 144 of the Regulation of the Minister of Communications and Informatics No. 5 on Telecommunications Operation (2021) focuses on the allocation of telecommunications numbering rather than the telecommunications business license itself. It specifies the conditions under which new telecommunications numbers can be allocated, including when a business applies for a new network or service license, when additional telecommunications services are introduced, or when numbers are required for public service purposes.

The application process requires submitting a copy of the business license for telecommunications network or service operations. For public service numbering, government institutions, state-owned enterprises (BUMN), or legal entities must submit proof of their establishment. Applications must be processed through the Online Single Submission (OSS) system, ensuring a standardized and transparent procedure.

Approval depends on compliance with existing regulations and the availability of numbering resources. If the request meets all criteria and resources are available, the numbering is allocated. However, if numbering resources are unavailable, the request is rejected.",Since February 2021,https://peraturan.bpk.go.id/Home/Details/161970/pp-no-46-tahun-2021,,,,
5,5.6,Not in the WTO Telecom Reference Paper,0,WTO Telecom Reference Paper,"Indonesia has expressed its commitment in the telecommunications sector in the WTO by attaching the Telecommunications Reference Paper (TRP). This document reflects Indonesia's commitment to support the establishment of transparency, fair and healthy competitive environment for businesses in the telecommunications sector.","Since 1994

Last review in November 2024",https://www.wto.org/english/tratop_e/serv_e/telecom_e/sc43.pdf,https://www.wto.org/english/tratop_e/serv_e/telecom_e/telecom_commit_exempt_list_e.htm,https://www.wto.org/english/tratop_e/serv_e/telecom_e/telecom_highlights_commit_exempt_e.htm#country,,
5,5.7,Lack of independent telecom authority,1,"Presidential Regulation No.112 on the Dissolution of the National Research Council, the Food Security Council, the Surabaya-Madura Regional Development Agency, the National Sports Standardization and Accreditation Agency, the Hajj Supervisory Commission of Indonesia, the National Economic and Industry Committee, the Telecommunications Advisory Board, the National Commission for the Elderly, the Indonesian Professional Sports Agency, and the Indonesian Telecommunications Regulatory Body 2020","Indonesia does not have an independent telecom authority.

Presidential Regulation No. 112 of 2020 dissolved the Indonesian Telecommunications. Regulatory Agency (BRTI). Indonesia's oversight of the telecommunications sector are transfered to the Ministry of Communications and Informatics (Kominfo). The absence of an independent telecom authority means that oversight and regulation are conducted within the context of government administration (potential for regulatory decisions to be influenced by political considerations), which may affect the impartiality and effectiveness of regulatory practices.

Article 1 explicitly lists the Badan Regulasi Telekomunikasi Indonesia (BRTI) (Indonesian Telecommunications Regulatory Body) and Badan Pertimbangan Telekomunikasi (BPT) (Telecommunications Advisory Agency) among the 10 non-structural institutions that are dissolved.
Article 2 specifies that the functions and duties of the dissolved bodies (BRTI and BPT) are transferred to the Ministry of Communication and Informatics (Kominfo).
Article 3 outlines the transfer of resources (funding, personnel, assets, and archives) from the dissolved bodies to the Ministry of Communication and Informatics (Kominfo).
Article 6 revokes the legal basis for the establishment of BRTI and BPT, rendering their previous regulations invalid.",Since November 2020,https://peraturan.bpk.go.id/Details/152721/perpres-no-112-tahun-2020,https://peraturan.bpk.go.id/Details/149735/permenkominfo-no-15-tahun-2018,,,
6,6.1,"Ban and local processing requirements
Exception: Not score data localization measure applied to government data.",0.50,"Regulation of Financial Services Authority No.11/POJK.03/2022 on the Implementation of Information Technology by Commercial Banks 2022
;
Bank Indonesia Regulation No. 22/23/PBI/2020 on Payment Systems 2020","Financial Services Authority (OJK) Regulation No.38/POJK.03/2016 requires banks to store and process data  in data centers or disaster recovery centers within territory of Indonesia. Financial Services Authority (OJK) Regulation No.38/POJK.03/2016, which required banks to store and process data in data centers or disaster recovery centers within the territory of Indonesia, has been revoked and replaced by OJK Regulation No.11/POJK.03/2022. This new regulation explicitly addresses the requirements for data storage and processing by banks, including the possibility of placing data centers or disaster recovery centers outside Indonesia under certain conditions. 

Article 35:
- Paragraph (1): Banks are required to place their data centers and disaster recovery centers within the territory of Indonesia.
- Paragraph (2): Banks may place their data centers and/or disaster recovery centers outside Indonesia, but only with prior approval from the Financial Services Authority (OJK).
- Paragraph (3): Specifies the criteria for systems that can be placed outside Indonesia, such as systems for global integrated analysis, risk management, anti-money laundering, and others.

Article 72: Explicitly revokes OJK Regulation No.38/POJK.03/2016 and its amendment (OJK Regulation No.13/POJK.03/2020), stating that they are no longer valid as of the effective date of OJK Regulation No.11/POJK.03/2022.

Bank Indonesia Regulation No.22/23/PBI/2020 requires domestic processing of initiation-authorization-clearing-settlements phases of payment transactions for instruments issued by Indonesia's payment service provider and conducted within the territory of the Republic of Indonesia. Indonesia opens the possibility of such payment transactions to be processed outside of Indonesian territory for the purpose of global reconciliation, integrated risk management system/anti-money laundering. However, this is subject to Bank Indonesia's approval. Banks are required to carry out IT-based transaction processing in Indonesia, either independently or by third parties. Meanwhile, if the Bank carries out the said process overseas by a third party, this can be done as long as the Bank obtains permission from the OJK. Banks that collaborate with third parties for IT-based transaction processing are required to submit permits to the OJK by paying attention to the adequacy of risk mitigation by the Bank, assessment of IT service providers, precautionary principles, and aspects of consumer protection for customers.
Article 35 (Pasal 35):
- Paragraph (1): Payment transactions must be processed domestically, including initiation, authorization, clearing, and settlement phases.
- Paragraph (2): Domestic processing applies to transactions conducted using instruments or services provided by Payment Service Providers (PJP) within the territory of Indonesia.
Furthermore, in cases where a bank experiences conditions that significantly disrupt its operational activities, the Financial Services Authority (OJK) may allow the placement of the Electronic System at a Data Center and/or Disaster Recovery Center located outside the territory of Indonesia, beyond the criteria stipulated in Article 35 paragraph (3), for a temporary period.

Article 42 (Pasal 42):
- Paragraph (1): Payment transactions must comply with interconnection and interoperability mechanisms, including standards set by Bank Indonesia.
- Paragraph (2): Domestic processing applies to all phases of payment transactions (initiation, authorization, clearing, and settlement).
- Paragraph (5): Transactions may be processed outside Indonesia with Bank Indonesia's approval, provided they meet specific conditions.","Since July 2022
;
Since December 2020","https://peraturan.bpk.go.id/Details/227376/peraturan-ojk-no-11pojk032022-tahun-2022;

https://www.ojk.go.id/id/regulasi/Documents/Pages/Penyelenggaraan-Teknologi-Informasi-Oleh-Bank-Umum/POJK%2011%20-%2003%20-%202022.pdf",https://peraturan.bpk.go.id/Details/219277/peraturan-bi-no-2223pbi2020,,,0.673
6,6.1,"Ban and local processing requirements
Exception: Not score data localization measure applied to government data.",0,Regulation of the Government of the Republic of Indonesia No.71 on the Provision of Electronic System and Transaction 2019,"Government Regulation No. 71 of 2019 (GR 71):
- Public Electronic System Operators (Public ESOs): Article 20(2) mandates that Penyelenggara Sistem Elektronik Lingkup Publik (Public Electronic System Providers) must manage, process, and/or store electronic systems and electronic data within Indonesia. However, exceptions are allowed if the required technology is not available domestically, as outlined in Ayat (3). Public ESOs, which are primarily government-related entities handling public data. These must store and process data within Indonesia.
- Private ESOs: Article 21 specifically addresses the conditions under which private ESOs can process and store data outside of Indonesia. Article 21(1): For private electronic system providers, there is flexibility to manage, process, and store electronic systems and data either within or outside Indonesia. However, they must ensure effective supervision and law enforcement if data is stored abroad, as stated in Ayat (2). Articles 23-24 allow private ESOs to store data abroad, address data integrity and user education, respectively provided they comply with Indonesian security standards. There are exceptions for specific data involving public interest, which may also require local storage.",Since October 2019,https://peraturan.bpk.go.id/Details/122030/pp-no-71-tahun-2019,,,,
6,6.1,"Ban and local processing requirements
Exception: Not score data localization measure applied to government data.",0,Law No.27 on Personal Data Protection 2022,"Indonesia's approach to cross-border data policies is primarily governed by the Personal Data Protection Law (PDP Law), which was enacted in 2022 and is set to be fully enforced by October 2024. The Personal Data Protection Act (PDPA) of 2022 is Indonesia’s first comprehensive law dedicated specifically to personal data protection. It significantly updates and consolidates personal data governance compared to Law No. 11 of 2008 on Electronic Information and Transactions (EIT Law) and Government Regulation No. 82 of 2012 (Regulation 82). The PDPA does not fully replace the EIT Law or Regulation 82, but it supersedes and updates many of their provisions related to data privacy, creating a more robust framework for data protection. 

Personal Data Protection Act (PDPA), 2022 does not mandate strict localization but emphasizes secure data transfer practices.
Under Article 55, the PDPA allows cross-border data transfers but imposes conditions to ensure that the data is protected according to Indonesian standards. Transfers are allowed if the destination country has an equivalent level of data protection, or contractual safeguards are in place to protect the data.

Article 56 states that the Data Controller may transfer personal data to other Data Controllers and/or Data Processors outside the jurisdiction of the Republic of Indonesia in accordance with the provisions regulated in this law. It emphasizes that when transferring personal data, the Data Controller must ensure that the country where the receiving Data Controller and/or Data Processor is located provides an adequate level of personal data protection. If the level of protection is not adequate, the Data Controller must ensure that there are adequate and binding safeguards in place. If neither condition is met, explicit consent from the data subject must be obtained for the transfer.

Article 66 addresses requirements for data security and confidentiality, essential for sectors handling sensitive data, like banking and finance, mandating that personal data be processed securely to protect against unauthorized access. Articles 65 and 67 prohibit unauthorized collection, disclosure, or usage of personal data, establishing penalties for non-compliance, which directly affects financial service providers’ handling of customer data.

Article 74 of transitional Provisions states that existing data controllers and processors must comply with the new law within two years of its enactment (October 2024), allowing time for organizations to adjust their practices.",Since October 2022,https://peraturan.bpk.go.id/Details/229798/uu-no-27-tahun-2022,,,,
6,6.2,"Local storage requirements
Exception: Not score data localization measure applied to government data.",0.50,"Regulation of the Government of the Republic of Indonesia No.46 on Health Information System 2014;

Regulation of the Minister of Health of the Republic of Indonesia No.18 on the Implementation of One Data in the Health Sector through the Health Information System 2022; 

Omnibus Health Law No.17 2023

","Article 21 of Government Regulation No. 46/2020 mandates that the health data should be stored in Indonesia.

Regulation of the Minister of Health of the Republic of Indonesia No. 18 of 2022 Concerning the Implementation of One Data in the Health Sector through the Health Information System.
-	Article 2 - Objectives of the Health Information System: States the goals of developing a health information system, including improving the effectiveness, efficiency, and quality of health services.
-	Article 3 - Scope: Describes the scope of the health information system, which includes health data, applications, and technologies used.
-	Article 4 - Data Utilization: Regulates the use of health data for decision-making, planning, and evaluation of health programs.
-	Article 5 - Data Security and Confidentiality: Ensures that all health data is managed with a focus on security and confidentiality, specifying who may access this data.
-	Article 6 - System Integration: Mandates the integration of health information systems across various levels of health services to ensure smooth and consistent information flow.

Law No. 17 of 2023 (Omnibus Health Law) on Health in Indonesia
Article 56 - Management of Health Data
●	The government and health service providers are required to manage health data effectively, transparently, and accountably.
●	Health data must be used to support health policies and programs aimed at improving the quality of health services.
Article 57 - Health Information System
●	The government is responsible for developing and integrating a comprehensive health information system.
●	This information system must provide accurate, relevant, and timely health data and information to support decision-making, planning, and evaluation of health programs.
Article 58 - Privacy and Security of Data
●	Individual health information must be kept confidential and can only be accessed by authorized parties.
●	The use of health data must prioritize privacy and security aspects, and consent from the individuals concerned must be obtained if their data is to be used for other purposes.
","Since June 2014;

Since July 2022;

Since August 2023","http://jdih.kkp.go.id/peraturan/pp-46-2014.pdf
;
https://peraturan.bpk.go.id/Details/294077/pp-no-28-tahun-2024",https://farmalkes.kemkes.go.id/unduh/permenkes-18-2022/,https://farmalkes.kemkes.go.id/unduh/uu-17-2023/?utm_source=chatgpt.com,,
6,6.2,"Local storage requirements
Exception: Not score data localization measure applied to government data.",0,Regulation of the Government of the Republic of Indonesia No.71 on the Provision of Electronic System and Transaction 2019,"Article 20 of Local Processing Requirement: Public Electronic System Providers (Penyelenggara Sistem Elektronik Lingkup Publik) are required to manage, process, and/or store electronic systems and data within Indonesia. If the required technology is not available domestically, processing can occur outside Indonesia with the necessary permissions and safeguards.

Article 21 provides more flexibility for private Electronic System Providers, it still emphasizes the need for effective supervision and compliance with Indonesian regulations if data is processed or stored outside the country. This implies a preference for local data storage to ensure regulatory compliance and oversight.","Since October 2019

",https://peraturan.bpk.go.id/Details/122030/pp-no-71-tahun-2019,,,,
6,6.3,"Infrastructure requirements
Exception: Not score data localization measure applied to government data.",1,"Regulation of Financial Service Authority Regulation No. 11/POJK.03/2022 on Implementation of Information Technology by Commercial Banks 2022
;
Regulation of Financial Services Authority No.4/POJK.05/2021 on Implementation of Risk Management in the Use of Information Technology by Non-Bank Financial Services Institution 2021


","Banks and Non-bank financial service institutions that have Data Centers and/or Disaster Recovery Centers are required to place Electronic Systems in Data Centers and/or Disaster Recovery Centers in the territory of Indonesia and are required to carry out Information Technology-Based Transaction Processing in the territory of Indonesia. They can place Electronic Systems in Data Centers and/or Disaster Recovery Centers outside Indonesian territrory upon approval by the Indonesian government in a very limited conditions.Specifically, banks and -Bank Financial Services Institution (NBFIs) may place Data Centers and/or Disaster Recovery Centers outside Indonesia subject to OJK approval’s and for the following uses:
●	Electronic Systems used to support integrated analysis in meeting the provisions issued by the Bank's/NBFI’s home country authorities that are global in nature, including cross-country;
●	Electronic Systems used for integrated risk management with the Bank's/NBFI’s head office or parent office or main entity office outside Indonesia;
●	Electronic Systems used for the implementation of anti-money laundering and prevention of terrorism financing in an integrated manner with the Bank's/NBFI’s head office or parent office outside Indonesia;
●	Electronic Systems used for global customer service, which requires integration with the Bank's/NBFI’s group Electronic Systems outside Indonesia;
●	Electronic Systems used for communication management between the Bank's/NBFI’s head office and branch offices, or between subsidiaries and parent companies; and/or
●	Electronic Systems used for internal Bank/NBFI management

In addition for banks, in the event of conditions that significantly disrupt Bank operations, OJK may determine the placement of the Electronic System at a Data Center and/or Disaster Recovery Center outside the territory of Indonesia other than the 6 criteria for a temporary period. The examples of conditions that significantly disrupt the Bank’s operations include, among others, the cessation of services from an IT service provider and the absence of alternative IT service providers within Indonesia capable of delivering similar services. Before the end of the temporary placement period of Electronic Systems at Data Centers and/or Disaster Recovery Centers located outside the territory of Indonesia, Banks shall conduct an evaluation to determine the availability and reliability of Electronic System providers within Indonesia.

Note that the Regulation of the Financial Services Authority (OJK) No.11/POJK.03/2022 on the Implementation of Information Technology by Commercial Banks amended the Regulation of Financial Services Authority No.38/POJK.03/2016. 
","Since July 2016, last amended in 2022
;
Since March 2021",https://ojk.go.id/id/regulasi/Documents/Pages/Penyelenggaraan-Teknologi-Informasi-Oleh-Bank-Umum/POJK%2011%20-%2003%20-%202022.pdf,"https://ojk.go.id/id/regulasi/Documents/Pages/Penerapan-Manajemen-Risiko-dalam-Penggunaan-Teknologi-Informasi-oleh-Lembaga-Jasa-Keuangan-Nonbank/pojk%204-2021.pdf
;
https://legalcentric.com/content/view/162754",,,
6,6.3,"Infrastructure requirements
Exception: Not score data localization measure applied to government data.",0,Law No.27 on Personal Data Protection 2022,"Indonesia’s data localization requirements are primarily driven by sector-specific regulations, particularly for personal data.
Personal Data Protection Law (PDPL):
- Article 55 mandates that personal data related to Indonesian citizens must be stored in Indonesia, with exceptions for cross-border transfers under strict conditions.
- Article 56 outlines requirements for cross-border data transfer.
- Article 65 emphasizes secure storage and processing of personal data, indirectly requiring localized infrastructure for compliance.","Since October 2022
",https://peraturan.bpk.go.id/Details/229798/uu-no-27-tahun-2022,,,,
6,6.3,"Infrastructure requirements
Exception: Not score data localization measure applied to government data.",0,Regulation of the Government of the Republic of Indonesia No.71 on the Provision of Electronic System and Transaction 2019,"Regulation No. 71/2019 on Electronic Systems and Transactions:
Article 20 mandates that Public Electronic System Providers (Penyelenggara Sistem Elektronik Lingkup Publik) must manage, process, and/or store electronic systems and electronic data within Indonesia. This is a clear requirement for localization of infrastructure for public sector data.
Article 21 provides more flexibility for private Electronic System Providers, it still emphasizes the need for effective supervision and compliance with Indonesian regulations if data is processed or stored outside the country. This implies a preference for local data storage to ensure regulatory compliance and oversight.",Since October 2019,https://peraturan.bpk.go.id/Details/122030/pp-no-71-tahun-2019,,,,
6,6.4,"Conditional flow regimes
Exception: Not score data localization measure applied to government data.",1,Regulation of the Minister of Communication and Informatics of the Republic of Indonesia No.20 on Protection of Personal Data in Electronic Systems 2016,"The Ministry of Communication and Informatics (MOCI) Regulation No. 20 of 2016 stipulates that consent from the data subject is necessary for the transfer of data, such consent must also be in Bahasa Indonesia (or in bilingual format) and collected online or by paper hardcopies. The Regulation also mandates that personal data that is electronically stored should be encrypted. ",Since December 2016,"http://makna.co/wp-content/uploads/2018/01/MOCI-Regulation-No-20-of-2016-Makna-Eng.pdf
;
https://peraturan.bpk.go.id/Details/150543/permenkominfo-no-20-tahun-2016",,,,
6,6.4,"Conditional flow regimes
Exception: Not score data localization measure applied to government data.",1,Regulation of the Government of the Republic of Indonesia No.71 on the Provision of Electronic System and Transaction 2019,"Under Government Regulation No. 71/2019, consent must be obtained from data subjects for cross-border transfers of personal data. Such consent must be “lawful consent”, i.e. consent that is delivered explicitly, cannot be concealed, and is not based on error, negligence or coercion. ",Since October 2019,https://peraturan.bpk.go.id/Home/Details/122030/pp-no-71-tahun-2019,,,,
6,6.4,"Conditional flow regimes
Exception: Not score data localization measure applied to government data.",1,Law No.27 on Personal Data Protection 2022,"Article 56 of Law No. 27 regarding Personal Data Protection allows the cross-border transfer of personal data from a controller to a controller and/or processor outside the jurisdiction of Indonesia if recipient country has an adequate level of protection. If the country is not adequate, the controller must ensure an adequate and binding personal data protection. Alternatively, the controller must obtain the consent of the data subject.","Since October 2022
",https://peraturan.bpk.go.id/Home/Details/229798/uu-no-27-tahun-2022,,,,
6,6.4,"Conditional flow regimes
Exception: Not score data localization measure applied to government data.",1,"Regulation of the Government of the Republic of Indonesia No.71 on the Provision of Electronic System and Transaction 2019
;
Regulation of the Minister of Communication and Informatics of the Republic of Indonesia No.5 on Private Electronic System Operators 2020
;
Minister of Communication and Informatics Regulation No. 10 on the Amendment to Minister of Communication and Informatics Regulation No. 5 of 2020 on Private Electronic System Operators 2021","Government Regulation No. 71/2019 states that the electronic systems operators for private scope can store and process the electronic transaction data outside Indonesia under certain conditions. The companies must ensure that their electronic systems and data are accessible to the Indonesian authority for supervision and law enforcement. ESOs for private scope are defined as the intended subject being a Person, Business Entity, or community consisting of (i) ESO that are regulated and supervised by the relevant Ministry or Institution based on laws and regulations, and (ii) ESO which own portals, websites, or applications within the internet network, whose electronic system is used in and/or offered in Indonesian territory, and is used, among others, to sell, manage and/or operate offers and/or trade goods and/or services and search engine. Regulation of Minister of Communication and Informatics No. 5 of 2020 on Private Electronic System Operators (“Regulation 5”) implements Government Regulation No. 71/2019.

Notably, the personal data protection standards in Indonesia take into account the existence of European data protection standards and/or APEC Privacy Frameworks.","Since October 2019
;
Since November 2020, last amended in May 2021
;
Since May 2021",https://peraturan.bpk.go.id/Home/Details/122030/pp-no-71-tahun-2019 ,https://peraturan.bpk.go.id/Details/203049/permenkominfo-no-5-tahun-2020,https://peraturan.bpk.go.id/Details/203121/permenkominfo-no-10-tahun-2021,,
6,6.4,"Conditional flow regimes
Exception: Not score data localization measure applied to government data.",1,Regulation of the Government of the Republic of Indonesia No.80 on Trading Through the Electronic System (E-commerce Law) 2019,Article 59 of the Government Regulation No.80/2019 states that personal data collected in e-commerce activities cannot be sent overseas unless the relevant Ministries confirm that the foreign country has the same level of personal data protection standard as Indonesia.,Since November 2019,https://perpajakan.ddtc.co.id/peraturan-pajak/read/peraturan-pemerintah-80-tahun-2019 ,,,,
6,6.4,"Conditional flow regimes
Exception: Not score data localization measure applied to government data.",0,"Financial Service Authority Circular Letter POJK 6/POJK.07/2022 concerning Consumer and Community Protection in the Financial Services Sector

","The Financial Service Authority Circular Letter No.14/SEOJK.07/2014 on Confidentiality and Security of Consumers' Private Information and/or Data 2014 (SEOJK No.14/SEOJK.07/2014) has been revoked according to Article 61 letter a POJK 6/POJK.07/2022 concerning Consumer and Community Protection in the Financial Services Sector. 

The protection of consumers’ data and information in the financial services sector is governed in OJK Regulation Number 22 of 2023 on Consumer and Public Protection in the Financial Services Sector (POJK 22/2023). In line with Law Number 27 of 2022 on Personal Data Protection, POJK 22/2023 governs the obligation for Financial Services Providers (FSPs) to acquire the data subject’s consent (Article  20) and to provide adequate or equivalent level of data protection (Article 21). 
 
The banking sector has additional references regarding bank secrecy as stipulated in the Financial Services Authority (OJK) Regulation No. 44/2024 on Bank Secrecy. Article 2 requires banks and affiliated parties to maintain the confidentiality of the information of depositors and their deposits and/or Investors and their Investments (specifically for sharia commercial bank customers). However, Article 3 of the Regulation allows such information to be disclosed for the purpose of:
●	judicial interests in civil cases between the Bank and the Customer, the Customer and the Customer, and related to the Customer;
●	judicial interests in criminal cases;
●	requests from a curator appointed based on a commercial court decision regarding bankruptcy or requests from a liquidator appointed based on a court ruling in the context of settling assets;
●	requests, approvals, or powers of attorney from Depositors and/or Investor Customers made in writing;
●	requests from the legal heirs of Depositors and/or Investor Customers who have died;
●	exchange of information between Banks;
●	fulfilling mutual assistance in criminal matters;
●	requests for financial information for tax purposes based on provisions of laws and regulations;
●	interests of other agencies for the purpose of organizing the state at the central level and the public interest in accordance with the duties and authorities in the Law;
●	interests in carrying out tasks in the fields of monetary, macroprudential, and payment systems by Bank Indonesia;
●	interests of implementing tasks in the field of Deposit Insurance and resolution by the Deposit Insurance Agency;
●	implementation of cooperation agreements between state authorities that have been signed reciprocally; and
●	settlement of receivables that have been submitted to the State Receivables Affairs Committee.
",Since August 2014,https://www.ojk.go.id/id/regulasi/Documents/Pages/POJK-44-Tahun-2024-Rahasia-Bank-/POJK%2044%20Tahun%202024%20Rahasia%20Bank.pdf,,,,
6,6.4,"Conditional flow regimes
Exception: Not score data localization measure applied to government data.",1,Law No.27 on Personal Data Protection 2022,"The conditional flow in Indonesia primarily apply to specific data - mainly tied to personal data and specific sectors handling sensitive data. Article 55 of the PDPL specifies that personal data related to Indonesian citizens must generally be stored in Indonesia, with exceptions for cross-border data transfers if the destination country ensures adequate protection or if the data subject provides consent.

Personal Data Protection Law (PDPL) – Law No. 27 of 2022 The PDPL came into effect in 2024, and it sets out comprehensive rules for the protection of personal data in Indonesia. The law addresses data storage, processing, and cross-border data transfer requirements.
- Article 55 stipulates that personal data related to Indonesian citizens must generally be stored in Indonesia. Personal data cannot be transferred outside the country unless specific conditions are met, such as obtaining consent from the data subject or ensuring that the recipient country provides an adequate level of data protection.
- Article 56 outlines the conditions under which personal data can be transferred across borders. The transfer must comply with the principles of personal data protection, and the recipient country must have data protection regulations equivalent to Indonesia’s laws or, alternatively, a binding agreement to ensure compliance with Indonesia’s data protection standards.
- Article 59 outlines exemptions for Data Transfer: Personal data can be transferred outside Indonesia if it is for the performance of a contract or in situations where the transfer is needed for other legitimate purposes (such as fulfilling a legal obligation or providing a service requested by the data subject).
- Article 65 sets conditions for the processing of personal data, including the storage and retention periods, specifying that personal data must be stored in a way that is secure and protects against unauthorized access or loss.",Since October 2022,https://peraturan.bpk.go.id/Details/229798/uu-no-27-tahun-2022,,,,
6,6.4,"Conditional flow regimes
Exception: Not score data localization measure applied to government data.",0.50,"Bank Indonesia Regulation No. 22/23/PBI/2020 on Payment Systems 2020
;
Regulation of Financial Services Authority No.11/POJK.03/2022 on the Implementation of Information Technology by Commercial Banks 2022","Bank Indonesia Regulation No. 22/23/PBI/2020 that support conditional flow regimes of financial data as follows:
Article 109 (Pasal 109):
- Paragraph (1): Data related to individual customers may be transferred outside Indonesia, provided it complies with data protection laws and Bank Indonesia regulations.
- Paragraph (2): Bank Indonesia may halt cross-border data transfers if they conflict with regulations or national interests.
Article 63 (Pasal 63): Bank Indonesia may approve cross-border cooperation for payment systems, considering:
- Reciprocity.
- Risk management standards.
- Benefits to Indonesia's economy.

Financial Services Authority (OJK) Regulation No.11/POJK.03/2022
Article 35:
- Paragraph (1): Banks are required to place their data centers and disaster recovery centers within the territory of Indonesia.
- Paragraph (2): Banks may place their data centers and/or disaster recovery centers outside Indonesia, but only with prior approval from the Financial Services Authority (OJK).
- Paragraph (3): Specifies the criteria for systems that can be placed outside Indonesia, such as systems for global integrated analysis, risk management, anti-money laundering, and others.
Article 36:
- Outlines the requirements and procedures for banks to obtain approval from OJK to place data centers or disaster recovery centers outside Indonesia. This includes risk analysis, compliance with Indonesian laws, and ensuring OJK's ability to supervise.
","Since December 2020
;
Since July 2022",https://peraturan.bpk.go.id/Details/219277/peraturan-bi-no-2223pbi2020,https://peraturan.bpk.go.id/Details/227376/peraturan-ojk-no-11pojk032022-tahun-2022,,,
6,6.5,Not in an agreement with binding commitments on data transfer.,0,"Indonesia - Australia Comprehensive Economic Partnership Agreement;
;
Regional Comprehensive Economic Partnership Agreement (RCEP)

","Indonesia has joined an agreement with binding commitments to open transfers of data across borders: Indonesia - Australia Comprehensive Economic Partnership Agreement (Article 13.11) and the Regional Comprehensive Economic Partnership Agreement (RCEP) (Article 12.15). Specifically, Indonesia-Australia was signed on March 2019 and in force in February 2022. Indonesia is also a member of the RCEP, which was signed on November 15, 2020, and came into effect on January 1, 2022.

Moreover, Indonesia is part of international forums discussing data protection (like the APEC Cross-Border Privacy Rules (CBPR) system), it has not yet fully adopted an international framework that offers binding commitments akin to the GDPR’s adequacy mechanism for data transfer. Indonesia is not actively involved in the CBPR discussion at APEC, only as an observer. For IA-CEPA, parties in IA-CEPA shall allow the cross-border transfer of information by electronic means for the conduct of the business of a covered person. Exceptions: 1) Measures to achieve legitimate public policy objective; and 2) Necessary measures to protect essential security interests.
","Since February 2020;
;
Since January 2022",https://www.dfat.gov.au/trade/agreements/in-force/iacepa/indonesia-australia-comprehensive-economic-partnership-agreement,https://www.dfat.gov.au/trade/agreements/in-force/rcep/rcep-text,https://www.apec.org/docs/default-source/Groups/ECSG/CBPR/CBPR-ProgramRequirements.pdf,,
7,7.1,Lack of comprehensive legal framework for data protection,0,"Regulation of the Minister of Communication and Informatics of the Republic of Indonesia No.20 on Protection of Personal Data in Electronic Systems 2016
;
Regulation of the Government of the Republic of Indonesia No.40 on the Implementation of Law Number 23 of 2006 on Population Administration as Amended by Law Number 24 of 2013 on Amendments to Law Number 23 of 2006 on Population Administration 2019
;
Law No.27 on Personal Data Protection 2022","The Minister of Communication and Informatics Regulation No.20 of 2016 provides a legal framework for the protection of the use of personal data through electronic systems. The Government Regulation No. 40 of 2019 further clarifies the definition of personal data to be protected that include fingerprint, signature, iris (in eyes), disgraces, notes on mental or physical diseases.

Moreover, Law No. 27 establishes a general framework for the protection of personal data in Indonesia. It is closely aligned with international data privacy standards, and is largely modelled on the European Union’s General Data Protection Regulation. Data controllers, data processors and relevant parties that process personal data are given a two year transition period following the enactment of Law No. 27, thus up to 17 October 2024 to conform with it. Once the transition period elapses, all such parties must comply with all the provisions of Law No. 27 and any noncompliance thereto may possibly be enforced.

Indonesia enacted the Personal Data Protection Act (PDPA) of 2022, establishing Indonesia’s first dedicated and comprehensive data protection framework, akin to international standards like the EU’s General Data Protection Regulation (GDPR). Key features of the PDPA include:
	1.	Clear Definition of Personal Data and Comprehensive Rights for Data Subjects:
Article 6: Grants data subjects the right to correct and update their data.
Article 8: Provides the right to request the deletion or termination of processing personal data.
Article 9: Allows withdrawal of consent for data processing.
Article 11: Allows data subjects to limit or suspend the processing of their data
	2.	Cross-Border Transfer Rules: Allows data transfers abroad under strict conditions, ensuring equivalent protection.
Article 55: Governs cross-border transfers, permitting them only if the destination country has adequate protection measures or appropriate safeguards are in place
	3.	Data Processing Obligations: Imposes duties on data controllers and processors for secure and lawful data handling.
Article 35: Requires data controllers to implement organizational and technical measures to ensure data protection.
Article 39: Mandates appointment of a Data Protection Officer (DPO) for entities processing sensitive data or conducting large-scale processing.
Articles 40–42: Specify reporting obligations in case of data breaches, ensuring accountability and transparency
	4.	Enforcement and Penalties: Provides for administrative sanctions and criminal penalties for violations.
Article 67: Imposes administrative fines for non-compliance.
Articles 66–68: Stipulate criminal penalties for unauthorized access, misuse, or other breaches of personal data 

However, the PDPA is still being operationalized and will fully come into effect in October 2024, alongside sector-specific regulations (e.g., financial and health) that augment its application. While this indicates progress, Indonesia’s data protection regime is still evolving and may face challenges in enforcement and harmonization across sectors.

","Since December 2016
;
Since May 2019
;
Since October 2022","http://makna.co/wp-content/uploads/2018/01/MOCI-Regulation-No-20-of-2016-Makna-Eng.pdf
;
https://peraturan.bpk.go.id/Details/150543/permenkominfo-no-20-tahun-2016",https://peraturan.bpk.go.id/Details/108801/pp-no-40-tahun-2019,https://peraturan.bpk.go.id/Details/229798/uu-no-27-tahun-2022,,0.531
7,7.1,Lack of comprehensive legal framework for data protection,0.50,Regulation of the Government of the Republic of Indonesia No. 17 on the Governance of Electronic System Operations for Child Protection 2025,"Government Regulation Number 17 of 2025 on the Governance of Electronic System Operations for Child Protection

Part Two – Obligations of Electronic System Providers stipulates that every Electronic System Provider (ESP) must give due consideration to the best interests of the child and must prioritize the fulfillment of children’s rights and the protection of children in relation to the use of products, services, and features developed and/or operated by the ESP. 

Moreover, ESOs are required to meeting the obligations, including obtain consent from child users' parents or guardians, and conduct a personal data protection impact assessment. ",Since March 2025,https://jdih.komdigi.go.id/produk_hukum/view/id/965/t/peraturan%2Bpemerintah%2Bnomor%2B17%2Btahun%2B2025,,,,
7,7.2,"Minimum period of data retention requirements
Exception: Not score requirement applied to government data.",1,Regulation of the Minister of Communication and Informatics of the Republic of Indonesia No.20 on Protection of Personal Data in Electronic Systems 2016,"The Minister of Communication and Informatics Regulation No. 20 of 2016 mandates the minimum retention for stored personal data in Article 15: (1) Electronic System Operators (ESOs) are required to maintain electronic records and logs for a minimum period of 5 years. This applies to activities related to personal data processing, ensuring transparency and traceability for compliance or legal purposes.",Since December 2016,"http://makna.co/wp-content/uploads/2018/01/MOCI-Regulation-No-20-of-2016-Makna-Eng.pdf
;
https://peraturan.bpk.go.id/Details/150543/permenkominfo-no-20-tahun-2016",,,,
7,7.2,"Minimum period of data retention requirements
Exception: Not score requirement applied to government data.",1,Regulation of the Government of the Republic of Indonesia No.80 on Trading Through the Electronic System (E-commerce Law) 2019,"Article 5 requires that transactional data related to e-commerce be stored in a way that allows for retrieval and auditability for a sufficient time, aligning with sector-specific obligations or general legal requirements (e.g., tax laws, consumer protection). 

Article 25 specify that Electronic commerce operators (PPMSE) must retain:
- Financial transaction data for 10 years from the date it was collected.
- Non-financial transaction data for 5 years from the date it was collected. For non-financial data, the minimum retention period applies to specific details, including customer data, electronic offers and acceptances, payment confirmations, shipping status, complaints, disputes, electronic contracts, and the types of goods or services traded.",SInce November 2019,https://perpajakan.ddtc.co.id/peraturan-pajak/read/peraturan-pemerintah-80-tahun-2019,,,,
7,7.2,"Minimum period of data retention requirements
Exception: Not score requirement applied to government data.",1,Regulation of the Government of the Republic of Indonesia No.46 on Health Information System 2014,Government Regulation No. 46 of 2014 concerning the retention of health data Article 21(5) states that Data and Information Health must be stored for a minimum of 10 (ten) years for non-electronic health data and for a minimum of 25 (twenty-five) years for electronic health data according to the retention schedule of archives.,Since June 2014,"http://jdih.kkp.go.id/peraturan/pp-46-2014.pdf
;
https://peraturan.bpk.go.id/Details/294077/pp-no-28-tahun-2024",,,,
7,7.2,"Minimum period of data retention requirements
Exception: Not score requirement applied to government data.",0,Law No.27 on Personal Data Protection 2022,"Indonesia's Personal Data Protection Act (PDPA) of 2022 specifies obligations for data retention but does not define a universal minimum retention period. However, it outlines conditions for data retention, focusing on relevance to processing purposes and compliance with other laws. Relevant articles include:
- Article 42 (1): Data processing must end when the retention period is over, the processing purpose is achieved, or upon request by the data subject.
- Article 44 (1): Data must be deleted when the retention period expires unless otherwise required by regulations.
- Article 21 (1d): Requires data controllers to specify the retention period for personal data during consent acquisition.
These articles emphasize that data retention must be aligned with processing purposes and other sectoral regulations. Specific minimum periods are usually set by sectoral laws (e.g., financial or health).

Financial Sector: Regulations from Bank Indonesia and the Financial Services Authority (OJK) often mandate that financial institutions retain transaction and customer data for a minimum period of 5 years for anti-money laundering compliance.
Health Sector: Medical record retention is regulated under Ministry of Health provisions, often requiring a minimum period of 5 years for individual health data.",Since October 2022,https://peraturan.bpk.go.id/Details/229798/uu-no-27-tahun-2022,,,,
7,7.2,"Minimum period of data retention requirements
Exception: Not score requirement applied to government data.",1,"Law No.11 on Information and Electronic Transactions 2008
;
Law No.19 on Amendments to Law No.11 of 2008 on Electronic Information and Transactions 2016
;
Law No.1 on the Second Amendment to Law No.11 of 2008 on Electronic Information and Transactions 2024","Law No. 11 of 2008 on Information and Electronic Transactions (ITE Law) has been amended by Law No. 19 of 2016 and further revised through the Second Amendment by Law No. 1 of 2024.

Law No. 11 of 2008 on Electronic Information and Transactions (ITE Law) and its Amendments
- Article 15(1) of the ITE Law requires electronic system providers to maintain the availability, integrity, and confidentiality of electronic information and records.

Government Regulation No. 71 of 2019 on the Implementation of Electronic Systems and Transactions (PP 71/2019), which implements the ITE Law, specifies in Article 40(2) that electronic system providers must retain electronic records for at least 5 years.","Since April 2008, last amended in January 2024
;
Since November 2016
;
Since January 2024",https://peraturan.bpk.go.id/Details/37589/uu-no-11-tahun-2008,https://peraturan.bpk.go.id/Details/37582/uu-no-19-tahun-2016,https://peraturan.bpk.go.id/Details/274494/uu-no-1-tahun-2024,,
7,7.2,"Minimum period of data retention requirements
Exception: Not score requirement applied to government data.",1,"Bank Indonesia Regulation No. 22/23/PBI/2020 on Payment Systems 2020
;
Regulation of Financial Services Authority No.11/POJK.03/2022 on the Implementation of Information Technology by Commercial Banks 2022
;
Law No.10 on Banking 1998
;
Regulation of Financial Services Authority No. LN.2023 (11)/117 on on the Implementation of Anti-Money Laundering (AML) Programs, Prevention of Terrorism Financing, and Prevention of Financing for the Proliferation of Weapons of Mass Destruction (WMD) in the Financial Services Sector 2023","In relation to data retention obligations in the Banking sector, data retention can be adjusted to the needs and policies of each Bank. However, OJK views the retention period as one of the important indicators in the IT risk management framework, as stated in the Financial Services Authority Circular Letter No. 29/SEOJK.03/2022 concerning Cyber Resilience and Security for Commercial Banks, where the data retention period is one of the assessment pillars in the asset protection process parameters that reflect the implementation of data and information security management, as well as data management in line with cybersecurity-related risk management to protect the confidentiality, integrity, and availability of data and information.

Bank Indonesia Regulation No. 22/23/PBI/2020 on Payment Systems:
- Article 35(3) requires payment service providers (PJP) to process payment transactions domestically and retain transaction data for compliance and audit purposes. While the regulation does not explicitly state a minimum retention period, it is implied that data must be retained for as long as necessary to meet regulatory and operational requirements.

OJK Regulation No. 11/POJK.03/2022 on IT Implementation by Banks:
- Article 43(1) requires banks to manage data effectively to support business objectives, but it does not specify a minimum retention period.
However, Article 54(4) mandates that banks conduct internal audits of IT systems at least once a year, which implies that data must be retained for at least one year to support these audits.

Law No. 10 of 1998 on Banking
- The  Law No. 10 of 1998 on Banking does not specifically state that Banks are required to retain customer transaction data for at least 5 years after the account is closed. However, art. 21 para (2) of Law Number 8 of 2010 on the Prevention and Eradication of Money Laundering Crimes regulates that Reporting Parties are required to retain records and documents related to the identity of parties conducting transactions for a minimum of 5 years after the termination of the business relationship. In the context of Law No. 8 of 2010, Reporting Parties includes, among others, banks as one of the financial service providers.
 
Law No.8/2023 on on the Implementation of Anti-Money Laundering (AML) Programs, Prevention of Terrorism Financing, and Prevention of Financing for the Proliferation of Weapons of Mass Destruction (WMD) in the Financial Services
- Article 63 para 1 regulates that Financial Service Providers (FSPs) are obligated to retain documents related to prospective customers, customers, or walk-in customers for at least 5 years after the end of the business relationship or the discovery of irregular transactions. Additionally, documents related to financial transactions must be stored in accordance with company documentation regulations.
","Since December 2020
;
Since July 2022
;
Since November 1998;

Since June 2023",https://peraturan.bpk.go.id/Details/219277/peraturan-bi-no-2223pbi2020,https://peraturan.bpk.go.id/Details/227376/peraturan-ojk-no-11pojk032022-tahun-2022,https://peraturan.bpk.go.id/Details/45486/uu-no-10-tahun-1998,https://peraturan.bpk.go.id/Details/272022/peraturan-ojk-no-8-tahun-2023?utm_source=chatgpt.com,
7,7.2,"Minimum period of data retention requirements
Exception: Not score requirement applied to government data.",0,"Regulation of Financial Services Authority No.27 on the Implementation of Financial Sector Technology Innovation, Digital Financial Assets, and Crypto Assets 2024","Law No.27/ 2024 concerning the Implementation of Digital Financial Asset Trading Including Crypto Assets
- Under Article 21 paragraph (1) letter f, Article 29 paragraph (2) letter f, and Article 46 paragraph (1) letter h, provides that Digital Financial Asset Traders must comply with data management and storage requirements for digital financial assets transaction data, which include the following:
1.	Retaining transaction and financial data for a minimum of ten (10) consecutive years;
2.	Maintaining a transaction price history, balances, and consumer transaction records for a minimum period of six (6) months; and
After the six (6) month period, the transaction history referred to in point 2 must be copied and stored in a data storage medium outside the trading system’s main database.",Since January 2025,https://iru.ojk.go.id/iru/policy/detailpolicy/13208/ojk-issues-regulation-concerning-the-implementation-of-digital-financial-asset-trading-including-cryptocurrency?utm_source=chatgpt.com,,,,
7,7.2,"Minimum period of data retention requirements
Exception: Not score requirement applied to government data.",1,"Law No. 8 on Company Documents 1997
;
Law No. 7 on Banking 1992 ","Law No. 8 of 1997 on Company Documents mandates that companies retain certain documents, including financial records, for at least 10 years. This applies to both physical and electronic records.

Law No. 7 of 1992 on Taxation (as amended by Law No. 28 of 2007)
Taxpayers are required to retain tax-related documents, including electronic records, for at least 10 years.
","Since March 1997
;
Since January 1992, last amended in 2007",https://peraturan.bpk.go.id/Details/45929,https://peraturan.bpk.go.id/Download/35317/UU%20Nomor%207%20Tahun%201992.pdf,,,
7,7.3,Data Protection Impact Assessment (DPIA) or Data Protection Officer (DPO) requirements,1,Law No.27 on Personal Data Protection 2022,"Indonesia's Personal Data Protection Act (Law No. 27 of 2022) and the Minister of Communication and Informatics Regulation No. 20 of 2016 establish that DPO and DPIA requirement, applied to all sectors:

DPO Requirement in Article 53 of Law No. 27 of 2022 that mandates that data controllers and processors appoint a DPO under specific circumstances, which can apply across various sectors, particularly when:
- The processing is for public services.
- The nature, scope, and purposes of the processing require organized and systematic supervision on a large scale.
- The processing involves large-scale processing of specific data or data related to criminal conduct.

DPIA Requirement in Article 34 of Law No. 27 of 2022, which states that data controllers must conduct a Data Protection Impact Assessment (DPIA) if the processing poses a high potential risk to data subjects. This requirement is applicable across all sectors where high-risk processing occurs, such as:
- Automatic decision-making with legal consequences.
- Processing of specific personal data.
- Large-scale processing of personal data.
- Systematic evaluation, scoring, or monitoring of data subjects.",Since October 2022,https://peraturan.bpk.go.id/Details/229798/uu-no-27-tahun-2022,,,,
7,7.3,Data Protection Impact Assessment (DPIA) or Data Protection Officer (DPO) requirements,1,Regulation of the Minister of Communication and Informatics of the Republic of Indonesia No.20 on Protection of Personal Data in Electronic Systems 2016,"According to Article 34 of Law No. 27, the data controller is obliged to conduct a Data Protection Impact Assessment if the personal data processing has a high potential risk to the personal data subjects. Personal data processing with high potential risk includes:
- automatic decision-making that has legal consequences or a significant impact on the data subject;
- processing of specific personal data;
- processing of large-scale personal data;
- processing of personal data for systematic evaluation, scoring, or monitoring of data subjects;
- processing of personal data for the activity of matching or combining a group of data;
- the use of new technologies in the processing of personal data; and/or
- the processing of personal data that limits the exercise of the rights of the data subject.

The Minister of Communication and Informatics Regulation No. 20 of 2016 mandates the electronic system operators to have a contact person that can be contacted by the data owner for them to make inquiries about their data protection.",Since December 2016,"http://makna.co/wp-content/uploads/2018/01/MOCI-Regulation-No-20-of-2016-Makna-Eng.pdf
;
https://peraturan.bpk.go.id/Details/150543/permenkominfo-no-20-tahun-2016",,,,
7,7.3,Data Protection Impact Assessment (DPIA) or Data Protection Officer (DPO) requirements,1,Regulation of the Government of the Republic of Indonesia No.71 on the Provision of Electronic System and Transaction 2019,"Article 12 of Government Regulation No. 71, electronic system providers must apply risk management towards damages or losses that they incurred. Such provision provides the meaning of 'risk management' as conducting risk analysis and formulating mitigation measures and countermeasures to overcome threats, disturbances, and obstacles to the electronic system which it manages.
",Since October 2019,https://peraturan.bpk.go.id/Details/122030/pp-no-71-tahun-2019,,,,
7,7.4,Requirements to allow government access to personal data,1,"Law No.17 on State Intelligence 2011
;
Regulation of the Minister of Communication and Informatics of the Republic of Indonesia No.20 on Protection of Personal Data in Electronic Systems 2016
","The Law on State Intelligence passed in October 2011 mandates that the collection of information on a person, that is considered harmful to national interest and security, should be based on the Head of State Intelligence Agency's order. The Law broadly authorizes the Indonesian State Intelligence Agency (BIN) to engage in eﬀorts “to prevent and/or to fight any eﬀort, work, intelligence activity, and/or opponents that may be harmful to national interests and national security” (Article 6). This may include communications surveillance. BIN's intelligence activities, including to collect information, should meet the following requirements: 1) they are for the purpose of intelligence function; 2) they are based on Head of BIN's order; 3) they should be conducted without making any arrest and/or detention; and 4) they should be conducted in a cooperation with law enforcement agency. Civil society advocates in Indonesia had denounced the draft bill, which was nevertheless passed.

The Minister of Communication and Informatics Regulation No. 20 of 2016 allows the government to access the electronic personal data for investigation purposes by law enforcement officers. ","Since November 2011
;
Since December 2016",https://peraturan.bpk.go.id/Details/39236,"http://makna.co/wp-content/uploads/2018/01/MOCI-Regulation-No-20-of-2016-Makna-Eng.pdf
;
https://peraturan.bpk.go.id/Details/150543/permenkominfo-no-20-tahun-2016",,,
7,7.4,Requirements to allow government access to personal data,1,"Law No.27 on Personal Data Protection 2022
;
Law No.11 on Information and Electronic Transactions 2008
;
Regulation of the Government of the Republic of Indonesia No.71 on the Provision of Electronic System and Transaction 2019","The investigative powers granted to certain civil servants under the EIT Law and related regulations suggest that government access to data is permitted for investigative purposes, provided it is conducted in accordance with legal procedures and respects privacy rights. 

Electronic Information and Transactions Law (EIT Law) - Law No. 11 of 2008: Article 42-43 provide the framework for investigations related to electronic information and transactions. They grant specific civil servants the authority to conduct investigations, which must be carried out with respect for privacy and data integrity.

Government Regulation No. 71 of 2019: Article 43 allows certain civil servants within the government to have special investigative authority in the field of Information Technology and Electronic Transactions. This includes the ability to conduct investigations related to electronic systems and transactions, with a focus on protecting privacy and data integrity.

Indonesian legal framework emphasizes the protection of personal data and outlines specific conditions for government access, it does not explicitly provide for access without court orders. Any such access would likely be subject to strict legal procedures and oversight to ensure compliance with data protection standards.","Since October 2022
;
Since April 2008, last amended in January 2024
;
Since October 2019",https://peraturan.bpk.go.id/Home/Details/229798/uu-no-27-tahun-2022,"https://peraturan.bpk.go.id/Details/37589/uu-no-11-tahun-2008
;
https://peraturan.bpk.go.id/Details/37582/uu-no-19-tahun-2016
;
https://peraturan.bpk.go.id/Details/274494/uu-no-1-tahun-2024",https://peraturan.bpk.go.id/Details/122030/pp-no-71-tahun-2019,,
8,8.1,Lack of safe harbour for copyright infringements,0.50,"Circular of the Minister of Communication and Informatics Regulation No.5 2016 
;
Regulation of the Government of the Republic of Indonesia No.80 on Trading Through the Electronic System (E-commerce Law) 2019
","Domestic and/or foreign Electronic System Operators in Trade (PPMSE), as well as Intermediary Service Providers, are held liable for any legal consequences arising from the presence of illegal electronic information content.
However, this liability does not apply if the respective domestic and/or foreign PPMSE acts promptly to remove electronic links and/or illegal electronic information content upon acquiring actual knowledge or awareness of such content.

This provision does not apply to Intermediary Service Providers acting in the following capacities:
a.	As a mere conduit, meaning they only transmit information and: (1) Do not initiate the transmission; (2) Do not select the receiver of the transmission; and (3) Do not modify the information being transmitted.
b.	As a caching provider, meaning they temporarily store information solely for the efficiency of communications, provided that they: (1) Do not modify the stored information; (2) Comply with conditions on accessing such information; (3) Follow rules for updating information in accordance with widely accepted industry standards; (4) Do not interfere with lawful technologies widely used in the industry to obtain data on the use of such information; and (5) Act promptly to delete or disable access to stored information upon gaining actual knowledge that the original source has removed or disabled access to such information, or upon order by a court or authority.
c.	As a hosting provider, meaning they offer storage space for the placement or uploading of content, and: (1) Have no actual knowledge of illegal acts or information, and if there is a claim for damages, the provider was not aware of the illegal nature of the act or content; or (2) Upon acquiring such knowledge or awareness, the provider acts promptly to remove or disable access to the content.
d.	As a search engine, which functions as a provider, finder, or crawler of information and networks.
Additionally, intermediary service providers offering interactive computer services shall not be held liable or subject to legal claims for actions taken to restrict or remove access to content, if:
●	The action was voluntarily taken in good faith to restrict access to or availability of material that the user or provider believes falls under the category of illegal electronic content, without requiring a legal determination of its protected status; or
●	The action was taken to restrict public access, disable, or make such content inaccessible, either based on the provider’s own assessment or that of a third party.","Since 2016
;
Since November 2019
",https://jdih.kominfo.go.id/produk_hukum/view/id/558/t/surat+edaran+menteri++komunikasi+dan+informatika+nomor+5+tahun+2016+tanggal+30+desember+2016,https://peraturan.bpk.go.id/Home/Details/126143/pp-no-80-tahun-2019,,,0.625
8,8.1,Lack of safe harbour for copyright infringements,0,Copyright Law No.28 2014,"In Indonesia, the concept of safe harbor for copyright infringements is primarily addressed under the Law Number 28 of 2014 on Copyrights. However, the law itself does not explicitly use the term ""safe harbor"" as it is commonly understood in jurisdictions like the United States under the DMCA. Instead, the Indonesian law provides a framework that indirectly supports the concept through its provisions on intermediary liability and the responsibilities of online platforms. The relevant provisions in the Indonesian Copyright Law that relate to the responsibilities of online platforms and could be interpreted as providing a form of safe harbor include:
- Article 10 outlines the rights and obligations of copyright holders and users, which can indirectly affect how platforms manage user-generated content and copyright infringements.
- Article 43 discusses the limitations and exceptions to copyright, which may include provisions that affect how online platforms handle content.
- Article 44 provides for the protection of technological measures and rights management information, which can be relevant to how platforms manage and protect copyrighted content.
- Article 55 outlines the liability of service providers. It states that service providers are not liable for copyright infringement if they can demonstrate that they did not have knowledge of the infringing activity and acted promptly to remove or disable access to the infringing content upon receiving a notice.","Since October 2014
",https://peraturan.bpk.go.id/Details/38690,,,,
8,8.1,Lack of safe harbour for copyright infringements,0.50,"Law No.11 on Information and Electronic Transactions 2008
;
Law No.19 on Amendments to Law No.11 of 2008 on Electronic Information and Transactions 2016
;
Law No.1 on the Second Amendment to Law No.11 of 2008 on Electronic Information and Transactions 2024","Law No. 11 of 2008 on Information and Electronic Transactions (ITE Law). The ITE Law is another important piece of legislation that governs electronic transactions and online content in Indonesia. It does not explicitly offer a safe harbor for online platforms in the context of copyright infringement, but it touches on issues related to online content and its regulation.
- Article 15 discusses the liability of electronic system providers. It states that they are responsible for the operation of their systems but are not liable for user-generated content if they can prove that the infringement was due to force majeure, user error, or negligence on the part of the user.
- Article 27 (1) Prohibits the distribution of content that infringes on another’s rights, including intellectual property rights. This could apply to online platforms, but it does not specify the liability of platforms for user-uploaded infringing content.
- Article 28 elaborates on the prohibition of content that violates the law, including defamation, obscenity, or the infringement of intellectual property rights. Again, this article does not address safe harbor provisions or limitations on platform liability.
- Article 29 Imposes obligations on service providers to ensure their services do not violate laws, which might include copyright infringement, but it does not include protections or exemptions for service providers.","Since April 2008, last amended in January 2024
;
Since November 2016
;
Since January 2024",https://peraturan.bpk.go.id/Details/37589/uu-no-11-tahun-2008,https://peraturan.bpk.go.id/Details/37582/uu-no-19-tahun-2016,https://peraturan.bpk.go.id/Details/274494/uu-no-1-tahun-2024,,
8,8.2,Export restrictions on ICTgoods and online services,0.50,"Regulation of the Minister of Communication and Informatics No.5 on Trial of Telecommunication, Informatics, and Broadcasting Technology 2016 
;
Regulation of the Government of the Republic of Indonesia No.80 on Trading Through the Electronic System (E-commerce Law) 2019
;
Regulation of the Minister of Communication and Informatics of the Republic of Indonesia No.5 on Private Electronic System Operators 2020
;
Minister of Communication and Informatics Regulation No. 10 on the Amendment to Minister of Communication and Informatics Regulation No. 5 of 2020 on Private Electronic System Operators 2021","The Circular of the Minister of Communication and Information Technology No. 5/ 2016 provides the exemption to e-commerce providers from the liability for failures to comply with the relevant laws in the event of force majeure, errors, or negligence. E-commerce providers will only be responsible for prohibited content posted on their platform if they are unable to prove that the uploading of such content was caused by the users.

Government Regulation No.80/2019 provides a broad immunity to e-commerce service providers and intermediary service providers from the legal consequences arising from illegal third-party content. For e-commerce service providers, the regulation discharges them from any liability for illegal content found on their platforms, provided they have acted expeditiously to remove or disable access to such content after knowing of its existence (either by way of a report from a third party or finding it out themselves). To ensure that an e-commerce service provider is alerted of illegal content on its platform, the regulation requires such provider to provide terms of use/terms and conditions of the platform to its users and employing certain technology and/or feature in the platform for users to submit a report. For intermediary service providers, the regulation discharges them from any liability for illegal content provided that such providers are acting as a mere conduit. This will be evidenced by, among others, the provider's lack of control over the transmission. If an intermediary service provider provides an 'interactive computer service', such as a social media platform, they will be discharged from any liability for restricting or removing access to content if such action was carried out in good faith and based on a report that such content is illegal.

MOCI Regulation 5 now provides that private ESOs hosting user-generated content may be exempted from legal liability for prohibited content transmitted or distributed on their electronic systems as long as they have fulfilled their governance obligations, shared information on subscribers who uploaded the prohibited content for monitoring and law enforcement purposes, and taken down the prohibited content as regulated under MOCI Regulation 5. Private ESOs must ensure that their electronic systems do not (i) contain prohibited electronic information or documents and (ii) facilitate dissemination of prohibited electronic information or documents. They also must take down prohibited content within 24 hours or four hours (the latter is for urgent prohibited content, such as child pornography content, terrorism content and content that causes public unrest, which is very broad) after receiving the takedown notice. MOCI Regulation 5 classifies prohibited content into content that:
- is in violation of laws and regulations
- causes anxiety for society and disturbs public order based on the government’s assessment
- posts or provides access to prohibited content. ","Since April 2016
;
Since November 2019
;
Since November 2020, last amended in May 2021
;
Since May 2021",https://peraturan.bpk.go.id/Details/150526/permenkominfo-no-5-tahun-2016,https://peraturan.bpk.go.id/Home/Details/126143/pp-no-80-tahun-2019,https://peraturan.bpk.go.id/Details/203049/permenkominfo-no-5-tahun-2020,https://peraturan.bpk.go.id/Details/203121/permenkominfo-no-10-tahun-2021,
8,8.2,Export restrictions on ICTgoods and online services,0.50,"Law No.11 on Information and Electronic Transactions 2008
;
Law No.19 on Amendments to Law No.11 of 2008 on Electronic Information and Transactions 2016
;
Law No.1 on the Second Amendment to Law No.11 of 2008 on Electronic Information and Transactions 2024","Indonesia’s Law No. 11 of 2008 on Electronic Information and Transactions (ITE Law) is the main regulation that governs online conduct, but it does not provide a safe harbor for online service providers when it comes to illegal activities carried out by users. The law addresses various illegal online activities, such as:
- Defamation (Article 27): Prohibits the dissemination of false information or defamation online. Criminalizes the distribution of illegal content (e.g., defamation, pornography, hate speech).
- Illegal Content Distribution (Article 27): Prohibits the distribution of pornography, gambling, or content that violates intellectual property rights.
- Article 28: Criminalizes the dissemination of false or misleading information.
- Cybercrime (Article 30 and 31): Deals with unauthorized access to computers or networks, fraud, and other forms of cybercrime.
- Article 40(2b): Requires electronic system providers (ESPs) to take down illegal content upon government request. Failure to comply may result in liability for the intermediary.

Electronic Information and Transactions Law (ITE Law) – Law No. 11 of 2008 (as amended by Law No. 19 of 2016): The ITE Law governs electronic transactions, information systems, and online content. It does not explicitly provide safe harbor protections for intermediaries.
- Article 27: Criminalizes the distribution of illegal content (e.g., defamation, pornography, hate speech).
- Article 28: Criminalizes the dissemination of false or misleading information.
- Article 40(2b): Requires electronic system providers (ESPs) to take down illegal content upon government request. Failure to comply may result in liability for the intermediary.
Implication: Intermediaries may be held liable if they fail to act on ","Since April 2008, last amended in January 2024
;
Since November 2016
;
Since January 2024",https://peraturan.bpk.go.id/Details/37589/uu-no-11-tahun-2008,https://peraturan.bpk.go.id/Details/37582/uu-no-19-tahun-2016,https://peraturan.bpk.go.id/Details/274494/uu-no-1-tahun-2024,,
8,8.3,User identify requirements,0.50,"Regulation of the Minister of Communication and Informatics of the Republic of Indonesia No.14 2017; 

Regulation of the Minister of Communication and Informatics of the Republic of Indonesia No.21 of 2021","Minister of Communication and Information Technology Regulation No. 14 of 2017 states that to get a prepaid phone SIM card in Indonesia, a customer must register their phone prepaid SIM card with their valid national ID and family register card, or a passport for foreigners. For the Registration process using passport, the information to be registered includes at least name, passport number, citizenship, and place and date of birth.

Minister of Communication and Information Technology Regulation No. 21 of 2021 strengthens Indonesia’s SIM card registration process by requiring both prepaid and postpaid SIM cards to be registered with valid identity information (Article 3). Indonesian citizens must use their KTP, while foreign nationals must use their passport (Article 3). Mobile operators are mandated to verify the registration information by cross-checking it with the Dukcapil (for locals) or Immigration (for foreigners) databases (Article 4). The regulation introduces the use of digital IDs and biometric verification (such as facial recognition or electronic signatures) to streamline and secure the registration process (Article 5). It also reinforces data protection measures, ensuring personal data is securely handled in line with Indonesia’s Personal Data Protection Law (Article 6). To combat fraudulent registrations, operators must implement anti-fraud measures (Article 7), and non-registered SIM cards will be blocked (Article 8). These provisions work together to enhance telecommunications security, reduce fraud, and ensure that SIM cards are linked to verified identities.
","Since 2017, last amended in 2021;
;
Since April 2021",https://jdih.kominfo.go.id/produk_hukum/view/id/588/t/peraturan+menteri+komunikasi+dan+informatika+nomor+14+tahun+2017+tanggal+5+september+2017,https://peraturan.bpk.go.id/Details/203070/permenkominfo-no-5-tahun-2021,,,
8,8.3,User identify requirements,1,Regulation of Minister of Communications and Informatics No.5 on Telecommunications Operation 2021,"The Minister of Communication and Information Technology Regulation No. 5 of 2021 includes user identity requirements, though these are primarily in the context of electronic systems and digital transactions.
- Article 3 - Obligations of Electronic system operators (ESOs) (which include online platforms, e-commerce, digital service providers, etc.) are required to verify the identity of users when conducting digital transactions. This ensures that the individuals using the platforms are properly identified to prevent fraudulent activities, protect user privacy, and ensure security during transactions.
- Article 5 ESOs are obligated to ensure that they collect and store personal data securely, and they must implement measures to protect user identities during digital transactions. The regulation ensures that personal information is only used for the intended purposes, such as verifying identities during transactions and ensuring privacy.
- Article 6 emphasizes the importance of electronic signatures, which must be linked to a verified user identity. When users sign digital contracts or engage in electronic transactions, their identity is verified using electronic signatures that provide a secure and legal way of confirming the identity of the person performing the transaction.
- Article 9 ESOs are required to ensure that the content uploaded by users, including the identity of those users, complies with Indonesian laws. This includes ensuring that illegal or fraudulent content is not published, which also relates to managing and verifying the identity of those posting or transacting on their platforms.",Since March 2021,https://peraturan.bpk.go.id/Details/203070/permenkominfo-no-5-tahun-2021,,,,
8,8.4,Monitoring requirements,1,"Regulation of the Minister of Communication and Informatics of the Republic of Indonesia No.5 on Private Electronic System Operators 2020;

Minister of Communication and Informatics Regulation No. 10 on the Amendment to Minister of Communication and Informatics Regulation No. 5 of 2020 on Private Electronic System Operators 2021






","Indonesia imposes monitoring requirements under Minister of Communication and Information Technology Regulation No. 5 of 2021 concerning Private Electronic System Operators (PSE). 
- Article 9 Platforms must ensure their systems can prevent access to prohibited content.
- Article 14 Requires PSEs to actively block or remove content deemed unlawful or that disrupts public order within 24 hours of receiving a government notification. In urgent cases (e.g., terrorism or pornography), the timeframe is reduced to 4 hours.
Prohibited Content: Includes material violating laws, promoting violence, defamation, or threatening public safety. This is monitored via complaints from the public, automated systems, or direct orders from the Ministry.","Since November 2020, last amended in May 2021
;
Since May 2021",https://peraturan.bpk.go.id/Details/203049/permenkominfo-no-5-tahun-2020,https://peraturan.bpk.go.id/Details/203121/permenkominfo-no-10-tahun-2021,,,
9,9.1,"Blocking or filtering commercial web content
Exception: Not score political content, criminal content (e.g., child pornography), aged-restricted content, defamation and other non-commercial content.",1,"Regulation of the Minister of Communication and Informatics of the Republic of Indonesia No.20 on Protection of Personal Data in Electronic Systems 2016
;
Regulation of the Government of the Republic of Indonesia No. 40 of 2019 on the Implementation of Law No. 23 of 2006 on Population Administration as Amended by Law No. 24 of 2013 on Amendments to Law No. 23 of 2006 on Population Administration 2019","In 2014, Indonesia blocked video-sharing websites: Reddit and Imgur. In 2015, Indonesia blocked another video-sharing website Vimeo. In March 2020, the online subtitling service Subscene.com was reportedly blocked.

Since 2016, the government can prevent the dissemination of prohibited content through blockings. Minisry of Informatics and Communications can block content and users to prevent the dissemination of prohibited content, following requests by enforcement agencies or the public.

In January 2018, the Ministry of Communication and Information Technology (MCIT) launched “Cyber Drone 9,” a crawler system driven by AI tools that are designed to proactively detect content violations. It replaced the Trust+ system, which relied on a passive database. A specialized task force monitors the new system and reviews the material it flags for filtering and blocking; the blocking itself is still carried out by ISPs. Each ISP may employ its software for blocking and thus may blacklist additional sites at its discretion. This has increased the likelihood of arbitrary, inconsistent blocking, creating uncertainty for users seeking redress when content is wrongfully blocked. In July 2020, the MCIT stated that it planned to purchase more sophisticated technology to block more categories of negative content and websites.

In Indonesia, the primary laws enabling the blocking of commercial web content are ITE Law, GR 71/2019, and PM Kominfo 5/2020, with specific focus on illegal content, system registration, and public order. These laws reflect Indonesia’s aim to regulate its digital ecosystem while balancing governance with user freedoms. ","Since December 2016
;
Since May 2019

","http://makna.co/wp-content/uploads/2018/01/MOCI-Regulation-No-20-of-2016-Makna-Eng.pdf
;
https://peraturan.bpk.go.id/Details/150543/permenkominfo-no-20-tahun-2016",https://peraturan.bpk.go.id/Home/Details/108801/pp-no-40-tahun-2019,,,0.667
9,9.1,"Blocking or filtering commercial web content
Exception: Not score political content, criminal content (e.g., child pornography), aged-restricted content, defamation and other non-commercial content.",1,"Law No.11 on Information and Electronic Transactions 2008
;
Law No.19 on Amendments to Law No.11 of 2008 on Electronic Information and Transactions 2016
;
Law No.1 on the Second Amendment to Law No.11 of 2008 on Electronic Information and Transactions 2024","Law No. 11 of 2008 on Electronic Information and Transactions (ITE Law) (as amended by Law No. 19 of 2016)
- Article 40, Paragraphs 2 and 2a grants the government authority to block access to electronic information and/or documents that violate laws. Mandates the Ministry of Communication and Information Technology (Kominfo) to ensure a safe and responsible digital ecosystem.","Since April 2008, last amended in January 2024
;
Since November 2016
;
Since January 2024",https://peraturan.bpk.go.id/Details/37589/uu-no-11-tahun-2008,https://peraturan.bpk.go.id/Details/37582/uu-no-19-tahun-2016,https://peraturan.bpk.go.id/Details/274494/uu-no-1-tahun-2024,,
9,9.1,"Blocking or filtering commercial web content
Exception: Not score political content, criminal content (e.g., child pornography), aged-restricted content, defamation and other non-commercial content.",1,Regulation of the Government of the Republic of Indonesia No.71 on the Provision of Electronic System and Transaction 2019,"Government Regulation No. 71 of 2019 on the Implementation of Electronic Systems and Transactions (GR 71/2019)
- Article 5 Requires electronic system providers (ESPs) to ensure the integrity of their systems and content.
- Article 9, Paragraph 3 Obligates ESPs to comply with requests from the government to take down or block specific content.
- Article 100 Authorizes Kominfo to block systems or content that violates public order, morality, or state security.","Since October 2019

",https://peraturan.bpk.go.id/Details/122030/pp-no-71-tahun-2019,,,,
9,9.1,"Blocking or filtering commercial web content
Exception: Not score political content, criminal content (e.g., child pornography), aged-restricted content, defamation and other non-commercial content.",1,"Regulation of the Minister of Communication and Informatics of the Republic of Indonesia No.5 on Private Electronic System Operators 2020;

Minister of Communication and Informatics Regulation No. 10 on the Amendment to Minister of Communication and Informatics Regulation No. 5 of 2020 on Private Electronic System Operators 2021






","Ministerial Regulation No. 5 of 2020 on Private Electronic System Providers (PM Kominfo 5/2020)
- Article 7 requires ESPs, including commercial platforms, to register with Kominfo. PSEs that fail to comply with blocking requirements my face: Written warnings, Temporary suspension, Access blocking of their entire system and Revocation of their registration.
- Article 9 Defines obligations for ESPs to manage and moderate content (Contain prohibited content, Facilitate the dissemination of prohibited content). And Article 9(4) sets the grounds for blocking (Prohibited content includes: Violations of laws and regulations, Content that disturbs public order or causes public unrest, Content that provides access to other prohibited content).
- Article 13: PSEs are required to take down prohibited content upon: Receiving a request from the Ministry, law enforcement, or other authorized institutions and/or Identifying prohibited content themselves.
- Article 14 (2020 Regulation): Requests for blocking can be made by: The public, Ministries or government agencies and Law enforcement.
Courts.
- Article 15 (2020 Regulation): Content blocking is defined as Pemutusan Akses, which includes: Blocking access to specific content, Closing accounts, Deleting prohibited content.
 Article 15(6): PSEs must block content within 1x24 hours after receiving a blocking order.
 Article 15(8): For urgent cases (e.g., terrorism, child pornography), content must be blocked within 4 hours.
 Article 15(10): PSEs that fail to block prohibited content may also face administrative fines.
- Article 18: ISPs are required to block access to systems or content as instructed by the Ministry.
- Article 19: ISPs must display a landing page when blocking content, explaining the reason for the block.
- Article 21 Outlines the criteria for content takedown or blocking, including:
	•Prohibited content (e.g., pornography, hate speech).
	•Content that disrupts public order or national security.
- Article 36 Provides the legal basis for Kominfo to block unregistered ESPs.

The 2021 Amendment (Article 47) adjusts the timeline for PSE registration to align with the implementation of the Online Single Submission (OSS) system. However, it does not introduce significant changes to the content blocking provisions.

In 2022, platforms like PayPal and Steam were temporarily blocked for non-registration under this regulation.","Since November 2020, last amended in May 2021
;
Since May 2021",https://peraturan.bpk.go.id/Details/203049/permenkominfo-no-5-tahun-2020,https://peraturan.bpk.go.id/Details/203121/permenkominfo-no-10-tahun-2021,,,
9,9.1,"Blocking or filtering commercial web content
Exception: Not score political content, criminal content (e.g., child pornography), aged-restricted content, defamation and other non-commercial content.",0,Law No.44 on Pornography 2008,"Indonesia imposes restrictions on online advertising as stipulated in Article 4 of Law No. 44/2008 on Pornography. This article explicitly prohibits the creation, distribution, and use of pornographic content, including in advertisements across print, electronic, and online media. Consequently, online ads containing or promoting pornographic elements are classified as illegal content. Enforcement of this regulation may lead to measures such as blocking and filtering by Internet Service Providers (ISPs):
• Blocking may be applied to websites that entirely host pornographic advertisements.
• Filtering can restrict access only to specific ad content that violates the law. While internet shutdowns are not specifically mentioned in Article 4 of Law No. 44/2008, they could in principle be used as a last resort to halt access to illegal content, including pornographic ads. 
",Since November 2008,https://peraturan.bpk.go.id/Details/39740,,,,
9,9.2,Internet shutdowns,0,"V-Dem, variable v2smgovshut","The indicator ""6.2.4 - Government Internet shut down in practice"" of the V-Dem Dataset, which measures whether the government has the technical capacity to actively make internet service cease, thus interrupting domestic access to the internet or whether the government has decided to do so, has a score of 3.65 in Indonesia. This corresponds to ""never or almost never occurred"". The government does not typically interfere with the domestic access to the Internet"".","Reported in 2024

Last reviewed November 2024",https://www.v-dem.net/vdemds.html,https://v-dem.net/data_analysis/VariableGraph/ ,,,
9,9.3,"Online advertising requirements
Exception: Not score requirements that advertising should not be misleading",0,Law No.8 on Consumer Protection 1999,"Law No. 8/1999 concerning Consumer Protection does regulate the prohibition of misleading or incorrect advertising practices. However, online advertising regulations in Indonesia are not limited to the misleading advertising aspect but also cover broader and contextual issues regarding the development of the digital ecosystem.

The main challenges of online advertising regulation in Indonesia include:
1. Advertisements that violate personal data.
2. Harmful content on social media.
3. Sale of illegal goods/services via digital ads.
Inter-ministerial need to monitor online advertising content such as in TikTok, Instagram and Google ads.
To reflect the Indonesian position, it should be emphasized that online advertising regulations are also regulated through additional regulations relevant to electronic commerce, electronic information, and digital security, as follows:
1.	Government Regulation No. 80/2019 concerning Electronic Commerce
●	Article 30: Regulates that electronic advertisements must be delivered correctly, clearly, and not misleading.
●	Article 59: Requires business actors to maintain and protect consumer personal data in electronic transactions.
2.	Regulation of the Minister of Trade No. 50/2020: Regulates licensing, governance, and supervision of advertisements and promotions delivered through e-commerce platforms. 
3.	Law No. 1/2024 concerning the Second Amendment to Law No. 11/2008 concerning Electronic Information and Transactions (ITE)
●	Article 28 paragraph (1): Prohibits the dissemination of electronic information that is misleading and can harm consumers.
●	Article 16A: Establishes an obligation for Electronic System Providers (PSE) to provide special protection for children in the use of electronic systems.",Since 2000,https://www.aseanconsumer.org/file/pdf_file/04%20Law-No.-8-Concerning-Consumer-Protection.pdf,,,,
9,9.3,"Online advertising requirements
Exception: Not score requirements that advertising should not be misleading",0,"Law No.11 on Information and Electronic Transactions 2008
;
Law No.19 on Amendments to Law No.11 of 2008 on Electronic Information and Transactions 2016
;
Law No.1 on the Second Amendment to Law No.11 of 2008 on Electronic Information and Transactions 2024","Law No. 11 of 2008 on Electronic Information and Transactions (ITE Law):
- Article 27(1) Prohibits the dissemination of electronic information or documents with content violating decency (e.g., pornography or obscenity).
- Article 28(1) Prohibits advertisements that cause harm through false or misleading information.
- Article 45: Violations involving false or harmful online advertisements can result in imprisonment of up to 6 years or fines of up to IDR 1 billion.","Since April 2008, last amended in January 2024
;
Since November 2016
;
Since January 2024",https://peraturan.bpk.go.id/Details/37589/uu-no-11-tahun-2008,https://peraturan.bpk.go.id/Details/37582/uu-no-19-tahun-2016,https://peraturan.bpk.go.id/Details/274494/uu-no-1-tahun-2024,,
9,9.3,"Online advertising requirements
Exception: Not score requirements that advertising should not be misleading",0,Law No.44 on Pornography 2008,"Law No. 44 of 2008 on Pornography:
- Article 4 Prohibits content that promotes pornography in advertisements.
",Since November 2008,https://peraturan.bpk.go.id/Details/39740,,,,
9,9.3,"Online advertising requirements
Exception: Not score requirements that advertising should not be misleading",0,"Regulation of the Government of the Republic of Indonesia No.109 on the Control of Materials Containing Addictive Substances in Tobacco Products for Health Interests 2012;

Regulation of the Government of the Republic of Indonesia No. 28 on Implementing Regulation of Law No. 17 of 2023 concerning Health 2024","Government Regulation No. 109 of 2012 on the Control of Tobacco Products:
- Article 36 Prohibits advertisements targeting minors, showing smoking as a positive activity, or being aired in specific time slots on television.
- Article 47 Requires warnings on tobacco advertisements and bans showing active smoking.

Regulation of the Government of the Republic of Indonesia No. 28 of 2024 regulates the control of tobacco products in Indonesia, Implementing provisions aimed at minimizing the health risks associated restrictions on Selling Tobacco Products (Article 3), Standardization of Packaging (Article 6), Control of Electronic Cigarettes and Other Products (Article 12), and Enforcement and Penalties (Article 18). Regarding advertising and promotion, Article 9 stipulates that this section prohibits all forms of advertising and promotion of tobacco products, including sponsorship of events and the use of media for promotional purposes. this aims to reduce the appeal of tobacco products, especially among young people. Additionally, Article 20: Emphasizes the importance of public awareness campaigns aimed at educating the public on the hazards of tobacco use and the benefits of quitting smoking.","Since December 2012;

Since July 2024","https://assets.tobaccocontrollaws.org/uploads/legislation/Indonesia/Indonesia-PP-No.-109-of-2012.pdf
",https://assets.tobaccocontrollaws.org/uploads/legislation/Indonesia/Indonesia-MoH-Reg.-No.-28-of-2024.pdf,,,
9,9.3,"Online advertising requirements
Exception: Not score requirements that advertising should not be misleading",0,"Regulation of the Minister of Trade No.06/M-DAG/PER/1/2015 of 2015 on the Second Amendment to Minister of Trade Regulation No.20/M-DAG/PER/4/2014 on the Control and Supervision of the Procurement, Distribution, and Sale of Alcoholic Beverages 2015",Ministerial Regulation No. 6 of 2015: Prohibits alcohol advertisements except in specific scenarios like licensed expos or events.,Since January 2015,https://peraturan.bpk.go.id/Details/128929/permendag-no-06m-dagper12015-tahun-2015,,,,
9,9.3,"Online advertising requirements
Exception: Not score requirements that advertising should not be misleading",0,Law No.36 on Health 2009,"Pharmaceuticals Law No. 36 of 2009 on Health:
- Article 199 Prohibits pharmaceutical advertisements without approval from the Ministry of Health.
- Article 200 Mandates accuracy and prohibits exaggeration in health-related advertisements.",Since October 2009,https://peraturan.bpk.go.id/Details/38778/uu-no-36-tahun-2009,,,,
9,9.3,"Online advertising requirements
Exception: Not score requirements that advertising should not be misleading",0,"Law No.7 on Gambling Prohibition 1974
","Gambling Law No. 7 of 1974 on Gambling Prohibition:
- Article 303 Explicitly bans the promotion or advertising of gambling.",Since November 1974,https://peraturan.bpk.go.id/Download/36391/UU%20Nomor%207%20Tahun%201974.pdf,,,,
9,9.3,"Online advertising requirements
Exception: Not score requirements that advertising should not be misleading",0,"Regulation of Financial Services Authority No.22 on Consumer and Public Protection in the Financial Services Sector 2023
;
Regulation of Financial Services Authority No.27 on the Implementation of Financial Sector Technology Innovation, Digital Financial Assets, and Crypto Assets 2024","Regarding requirements of restrictions affecting online advertising, the Regulation by OJK concerning advertising in financial services is stipulated through OJK Regulation Number 22 of 2023 on Consumer and Public Protection in the Financial Services Sector which features some regulatory aspects including the obligation for Financial Services Providers (FSPs) to include their name/logo and a statement of being licensed and supervised by OJK in all offers, product summaries, promotions, or advertisements. In relation to the marketing of cryptocurrency products, Cryptocurrency Trading Companies are prohibited from marketing their products through advertisements other than on the official media of the Cryptocurrency Trading Company.

Furthermore, in relation to entities regulated and supervised under Division of Financial Sector Technology Innovation, Digital Financial Assets, and Crypto Assets at the OJK, the marketing communications of Digital Financial Asset products and/or services are specifically governed by Article 124 of OJK Regulation No. 27 of 2024, which stipulates:
1.	In marketing Digital Financial Asset products and/or services, Traders are required to provide information that is accurate, not misleading, and in compliance with prevailing laws and regulations.
2.	The information referred to in paragraph (1) must, at a minimum, meet the following requirements:
a.	Be transparent to Consumers;
b.	Include warnings regarding risks and price volatility;
c.	Not indicate or create the impression that investment in Digital Financial Assets will generate high and guaranteed returns;
d.	Not create assumptions that losses will occur if Digital Financial Assets are not purchased immediately; and
Not suggest the purchase of Digital Financial Assets using any form of debt.""","Since December 2023;

Since January 2025",https://peraturan.bpk.go.id/Details/302699/peraturan-ojk-no-22-tahun-2023?utm_source=chatgpt.com,https://iru.ojk.go.id/iru/policy/detailpolicy/13208/ojk-issues-regulation-concerning-the-implementation-of-digital-financial-asset-trading-including-cryptocurrency?utm_source=chatgpt.com,,,
9,9.3,"Online advertising requirements
Exception: Not score requirements that advertising should not be misleading",0,"Law No.7 on General Elections 2017
","Political and Religious Ads Law No. 7 of 2017 on General Elections:
- Article 280: Prohibits campaign advertisements that incite hatred, spread fake news, or use religious sentiments to discriminate.
- Article 284: Limits the use of digital platforms for political campaigning outside specified election periods.
",Since August 2017,https://peraturan.bpk.go.id/Details/37644/uu-no-7-tahun-2017,,,,
9,9.3,"Online advertising requirements
Exception: Not score requirements that advertising should not be misleading",1,Regulation of the Government of the Republic of Indonesia No.71 on the Provision of Electronic System and Transaction 2019,"Government Regulation No. 71 of 2019 on the Implementation of Electronic Systems and Transactions (GR 71/2019):
- Article 100: Requires ESPs to moderate content, including advertisements, to comply with local laws.

","Since October 2019

",https://peraturan.bpk.go.id/Details/122030/pp-no-71-tahun-2019,,,,
9,9.3,"Online advertising requirements
Exception: Not score requirements that advertising should not be misleading",1,"Regulation of the Minister of Communication and Informatics of the Republic of Indonesia No.5 on Private Electronic System Operators 2020;

Minister of Communication and Informatics Regulation No. 10 on the Amendment to Minister of Communication and Informatics Regulation No. 5 of 2020 on Private Electronic System Operators 2021






","Ministerial Regulation No. 5 of 2020 on Private Electronic System Providers (PM Kominfo 5/2020):
- Article 9: Mandates that platforms hosting ads take responsibility for the moderation of content.

Regulation of Minister of Communication and Informatics No. 5 of 2020 on Private Electronic System Operators, amended by the Regulaton of Minister of Communication and Informatics No.10 of 2021. ","Since November 2020, last amended in May 2021
;
Since May 2021",https://peraturan.bpk.go.id/Details/203049/permenkominfo-no-5-tahun-2020,https://peraturan.bpk.go.id/Details/203121/permenkominfo-no-10-tahun-2021,,,
9,9.4,"Licensing requirements for online content providers and applications (social media platforms, new providers, VPN, cloud servics, etc.)
Exception: Not cover license for telecommunication facilities and service providers (captured under Pillar 5), License for e-commerce platform (captured under Pillar 12)",0.50,Regulation of the Government of the Republic of Indonesia No.5 on Risk-Based Business Licensing 2021,"Part 4 Article 12 addresses Internet of Things (IoT) Service Providers.
1. Connectivity provision for Internet of Things (IoT) services for various purposes shall be carried out after obtaining a Telecommunications Service Operation Business License for data communications system services or by cooperating with a Telecommunications Service Operator for data communications system services.
2.The connectivity, as referred to in paragraph (1), shall be used by Business Players engaged in Internet of Things (IoT) services provision.
3.The connectivity provider, as referred to in paragraph (1), must implement a unique addressing system, including but not limited to:
a. Local MSISDN;
b. Device End User ID; or
c. IP number.",Since February 2021,https://peraturan.bpk.go.id/Details/161835/pp-no-5-tahun-2021,,,,
9,9.4,"Licensing requirements for online content providers and applications (social media platforms, new providers, VPN, cloud servics, etc.)
Exception: Not cover license for telecommunication facilities and service providers (captured under Pillar 5), License for e-commerce platform (captured under Pillar 12)",0,Regulation of the Government of the Republic of Indonesia No.71 on the Provision of Electronic System and Transaction 2019,"The Minister of Communication and Informatics Regulation No. 5 of 2020 on Private Electronic System Operators mandates both local and offshore Private Electronic System Operators (ESOs) to register their businesses to the relevant ministry through the online single submission system. Offshore ESOs should also appoint liaison officers, who have to be domiciled in Indonesia. The duty of the liaison officer is to facilitate any access request by government authorities and takedown request. According to the regulation, ESOs are persons, business entities, or communities that operate an electronic system. ESOs include electronic system operators that are supervised by ministers or institutions in accordance with laws and regulations, and electronic system operators that have an online portal, site, or application through the internet. The requirement was first enacted with the Government Regulation No. 71/2019 regarding the Provision of Electronic System and Transaction.

In Indonesia, the mandatory requirements for online content providers and applications is governed by PM Kominfo 5/2020 and GR 71/2019, requiring registration, content moderation, and compliance with data protection rules - not explicit licensing is required.

","Since October 2019
",https://peraturan.bpk.go.id/Home/Details/122030/pp-no-71-tahun-2019,,,,
9,9.4,"Licensing requirements for online content providers and applications (social media platforms, new providers, VPN, cloud servics, etc.)
Exception: Not cover license for telecommunication facilities and service providers (captured under Pillar 5), License for e-commerce platform (captured under Pillar 12)",0,"Regulation of the Minister of Communication and Informatics of the Republic of Indonesia No.5 on Private Electronic System Operators 2020;

Minister of Communication and Informatics Regulation No. 10 on the Amendment to Minister of Communication and Informatics Regulation No. 5 of 2020 on Private Electronic System Operators 2021






","Ministerial Regulation No. 5 of 2020 (PM Kominfo 5/2020):
- Article 2 defines the scope, which includes private electronic system providers (PSEs) that:
	• Operate in Indonesia.
	• Provide services accessible within Indonesia.
	• Collect, manage, or process data on Indonesian users.
- Article 6: Mandatory registration of private electronic system providers (PSEs) with the Ministry of Communication and Information Technology (Kominfo) via the OSS system.
- Article 7: Registration requires submission of legal entity information, system description, and compliance commitment.
- Article 9: PSEs must remove prohibited content within 24 hours (or 4 hours for urgent cases) upon government notice.
- Article 36: Non-compliance leads to blocking of access to the service.","Since November 2020, last amended in May 2021
;
Since May 2021",https://peraturan.bpk.go.id/Details/203049/permenkominfo-no-5-tahun-2020,https://peraturan.bpk.go.id/Details/203121/permenkominfo-no-10-tahun-2021,,,
9,9.4,"Licensing requirements for online content providers and applications (social media platforms, new providers, VPN, cloud servics, etc.)
Exception: Not cover license for telecommunication facilities and service providers (captured under Pillar 5), License for e-commerce platform (captured under Pillar 12)",0,Regulation of the Government of the Republic of Indonesia No.71 on the Provision of Electronic System and Transaction 2019,"In Indonesia, the mandatory requirements for online content providers and applications is governed by PM Kominfo 5/2020 and GR 71/2019, requiring registration, content moderation, and compliance with data protection rules - not explicit licensing is required.

Government Regulation No. 71 of 2019 (GR 71/2019)
- Article 5: Applies to all electronic system providers (PSEs) operating in Indonesia.
- Article 21: PSEs providing services to public institutions must localize data within Indonesia.
- Article 99: Mandatory registration with Kominfo. Obtain additional licenses if their operations involve critical sectors such as telecommunications or government services.
- Article 100: Kominfo can block unregistered or non-compliant platforms.

","Since October 2019

",https://peraturan.bpk.go.id/Details/122030/pp-no-71-tahun-2019,,,,
9,9.4,"Licensing requirements for online content providers and applications (social media platforms, new providers, VPN, cloud servics, etc.)
Exception: Not cover license for telecommunication facilities and service providers (captured under Pillar 5), License for e-commerce platform (captured under Pillar 12)",0.50,Law No.36 on Telecommunications 1999,"Telecommunications Law No. 36 of 1999:
The Telecommunications Law governs entities providing telecommunications services, which may include VPNs if they qualify under its definition.
- Article 1(4) Defines telecommunications services as the provision of telecommunications networks, transmission, or related facilities to transmit information. VPNs that enable secure data transmission may fall under this definition.
- Article 7 outlines the requirement for telecommunications service providers to obtain licenses, which could apply to VPNs operating as telecommunications services.
- Article 11(1) Requires operators of telecommunications services to obtain a license from the government before commencing operations.
- Article 14 Specifies that licensed entities must ensure the reliability and security of telecommunications networks, aligning with the purpose of VPNs.
- Article 17 Mandates compliance with technical standards set by the government to safeguard public interests and national security.
- Article 22 Licenses are issued selectively, requiring applicants to meet specific requirements, including operational capacity and adherence to Indonesian laws.
- Article 45 states that operating without a license may result in administrative sanctions, fines, or imprisonment.


",Since September 1999,https://peraturan.bpk.go.id/Details/45357/uu-no-36-tahun-1999,,,,
10,10.1,"Import ban applied to ICT goods and online services (e.g. network equipment, servers, handsets, applications, and data processing)",1,"Regulation of the Minister of Industry No.65/M-IND/PER/7/2016 on Provisions and Procedures for Calculating the Domestic Component Level (TKDN) Value of Mobile Phones, Handheld Computers, and Tablet Computers 2016

Regulation of the Ministry of Trade No.31 Provisions on Business Licensing, Advertisement, Development and Supervision of Business Actors in Electronic Systems Trading 2023","Indonesia has recently imposed bans on certain ICT goods and digital services under its efforts to boost local manufacturing and protect domestic businesses. Notable bans include smartphones. 

The sale of the iPhone 16 and Google Pixel phones has been prohibited because these companies did not meet Indonesia’s “local content requirement,” which mandates that 40% of a device’s components or production processes occur domestically. This includes hardware assembly, software development, or local investments like research facilities. The Regulation of the Ministry of Industry No. 65, 2016 stipulates that smartphones must contain at least 40% locally made components to be sold in Indonesia.

- Digital Services: Following Regulation of the Minister of Trade No. 31 of 2023, Indonesia introduced new requirements and restrictions for both onshore and offshore e-commerce businesses offering goods and services to customers in Indonesia. Indonesia has also taken actions against certain platforms: TikTok’s e-commerce feature was banned in 2023, with the government citing its negative impact on local businesses. A similar move targeted Temu, a Chinese e-commerce platform, which was banned for potentially harming small and medium-sized enterprises (SMEs). ","Since July 2016;
;
Since September 2023",https://peraturanpedia.id/peraturan-menteri-perindustrian-nomor-65-m-ind-per-7-2016/,https://peraturan.bpk.go.id/Details/265202/permendag-no-31-tahun-2023,,,0.833
10,10.2,Other import restrictions on ICT goods and online services,0.50,"Regulation of the Minister of Trade of the Indonesia No. 36 concerning Import Policy and Import Arrangement 2023;

Regulation of the Minister of Trade of the Indonesia No. 8 on the Third Amendment to Regulation of the Minister of Trade Number 36 of 2023 concerning Import Policy and Import Arrangement 2024","The import regulation of Electronic products is currently regulated in Ministry of Trade Regulation No. 36 of 2023 as last amended by MOT No. 8 of 2024 concerning Import Policy and Regulation with restrictions in the form of:
- Import Approval (PI) and Surveyor Report (LS) for 3 (three) Tariff Post/HS; and 
- Surveyor's Report (LS) for 136 Tariff Post/HS.","Since December 2023;

Since May 2024",https://jdih.kemendag.go.id/peraturan/peraturan-menteri-perdagangan-nomor-36-tahun-2023-tentang-kebijakan-dan-pengaturan-impor?utm_source=chatgpt.com,https://jdih.kemendag.go.id/peraturan/peraturan-menteri-perdagangan-nomor-8-tahun-2024-tentang-perubahan-ketiga-atas-peraturan-menteri-perdagangan-nomor-36-tahun-2023-tentang-kebijakan-dan-pengaturan-impor?utm_source=chatgpt.com,,,
10,10.2,Other import restrictions on ICT goods and online services,0.50,"Regulation of the Minister of Trade
No.38/M-DAG/PER/8/2013 2013","The Ministry of Trade Regulation No. 38/M-DAG/PER/8/2013  updated the framework for importing mobile phones, handheld computers, and tablets (Importer Requirements and Registration Article 7). This regulation builds on previous rules, including MOT Regulation No. 82/2012, and introduces specific requirements for importers, such as demonstrating prior import activities (Similar to Permendag Nomor 25 Tahun 2022. 

Article 19 requirements for imports history and establishing after-sales service networks across Indonesia. Importers must register as either Registered Importers (Importir Terdaftar, IT) or obtain Import Approval (Amendment to Nomor 83/M-DAG/PER/12/2012: Article 3 and 8) through the Directorate General of Foreign Trade.

One significant amendment in Regulation 38/2013 allows additional flexibility for importers working with overseas distributors. However, importers are mandated to either have three years of prior experience as an importer or distributor or commit to establishing local manufacturing within three years (Article 7). The requirement for a minimum network of 25 after-sales service centers remains in effect. Failure to meet these obligations can lead to the revocation of Registered Importer status.

Foreign companies face limitations since certain certifications (Article 7, Paragraph 1(e)), like the Distributor Certificate of Registration (STP), are only available to wholly Indonesian-owned entities. Despite claims that the regulation does not aim to restrict foreign investors, this provision has created practical barriers to foreign participation in the sector. Article 7(1)(e) of MOT Regulation 38/2013 requires certifications (e.g., Distributor Certificate of Registration) that are only available to Indonesian-owned entities.

Article 7(2)(b)): Importers must maintain a minimum of 25 after-sales service centers across Indonesia.
Article 8A): Importers must commit to establishing local manufacturing within three years or risk losing their Registered Importer status.

Additionally, MOT Regulation 38 Article 22 permits exemptions under specific conditions, but the process for obtaining these exemptions remains unclear.

Note that Regulation of the Minister of Trade Number 82/MDAG/PER/12/2012 concerning Provisions for Import of Cell Phones, Handheld Computers and Tablet Computers as has been amended with the Regulation of the Minister of Trade Number 38/M-DAG/PER/8/2013. ","Since August 2013
",https://jdih.kemendag.go.id/peraturan/download/2099/2,http://www.flevin.com/id/lgso/translations/JICA%20Mirror/english/4902_PP_82_2012_e.html,,,
10,10.2,Other import restrictions on ICT goods and online services,0.50,Regulation of the Minister of Industry No.38 on the Registration Mark for Mobile Phone and Tablet Computer Products 2024,"Minister of Industry No.68/M-IND/PER/9/2016 has revoked by Ministers of Industry regulation No. 38 of 2024 
Ministers of Industry regulation No. 38 of 2024 
●	Article 2 - Registration Requirement for Importers
All cellular phones and tablet computers produced domestically and/or imported and marketed within the territory of Indonesia must be registered with the Ministry of  Industry.
The registration is evidenced by product registration marks that include:
a.	TPP Production (Production Registration Mark)
b.	TPP Import (Import Registration Mark)
c.	TPP product sample (Sample Registration Mark)

Ministers of Industry regulation No. 38 of 2024 
●	Article 5 - Application for Import Registration: The application for the issuance of TPP production, TPP Import, and/or TPP product sample must be submitted by companies that are brand owners or brand license holders in Indonesia. For TPP Import, and/or TPP product sample, applications may also be submitted by a designated representative authorized by the brand owner.

Ministers of Industry regulation No. 38 of 2024 
●	Article 6 - Submission of Application: Applications for the issuance of TPP production, TPP Import, and/or TPP product sample must be submitted electronically to the Director-General through the National Industrial Information System (SIINas).
The application must include:
a.	The brand
b.	Product Type
c.	Technical specifications
d.	TAC (Type Allocation Code) for registered devices with IMEI
e.	Number of units to be produced or imported
●	Article 19 - Monitoring: The Director-General conducts supervision of companies producing and/or importing cellular phones and tablet computers that have received TPP production, TPP Import, and/or TPP product sample. This supervision is conducted at least once a year and whenever necessary.
●	Article 20 - Sanctions for Violations: Companies selling or transferring registered cellular phones and tablet computers using TPP product sample may face administrative sanctions, including:
a.	Revocation of TPP product sample
b.	Removal of IMEI from the gray list in the central equipment identity register
c.	Deletion from the Ministry's database
d.	Prohibition from applying for TPP production, TPP Import, and/or TPP product sample for one year.",Since April 2024,https://www.regulasip.id/regulasi/22150,,,,
10,10.2,Other import restrictions on ICT goods and online services,1,"Regulation of the Minister of Trade No.  70/M-DAG/PER/9/2015 of 2015 on Importer Identification Number 2018
","Ministry of Trade Regulation No.70/M-DAG/PER/9/2015, which replaces by the Ministry of Trade Regulation No.75/2018 requires all importers to obtain an import license as either importer of goods for further distribution (API-U) or as importers for their manufacturing (API-P), but importers are not permitted to obtain both types of licenses. The requirement was already in place since 2015. 

Changes Introduced by Regulation No. 75/2018. Importers now obtain a Business Identification Number (NIB), which doubles as an API. The dual-API restriction (companies must choose either API-U or API-P) remains in effect, preventing companies from holding both types. Importers must report import realization (completed or pending imports) via the designated Ministry of Trade portal. Failure to comply can result in administrative sanctions, including the suspension or revocation of the API/NIB.

Article 2 of the Ministry of Trade Regulation No. 75/2018 states that imports can only be conducted by importers who have an Angka Pengenal Importir (API), which serves as an import identification number. Article 3 specifies that the API is divided into two types: API Umum (API-U) for general importers and API Produsen (API-P) for manufacturers. This confirms the requirement for importers to obtain a specific type of import license. Article 7 explicitly states that each importer can only hold one type of API, either API-U or API-P, but not both. This maintains the restriction that companies must choose one type of license, preventing them from holding both. Article 9 aligns the issuance of the API with the Online Single Submission (OSS) system, as per Government Regulation No. 24/2018. It states that the Business Identification Number (NIB) issued by the OSS also serves as an API. Article 14 requires importers to report their import realization, whether completed or pending, every three months to the Director General, and this must also be submitted via the designated Ministry of Trade portal. Article 18 outlines that the API can be suspended if importers fail to report import realization or if they provide false information, among other violations. Article 20 states that the NIB/API can be revoked if the importer conducts business activities that do not align with the NIB/API or if declared invalid by a court decision.","Since June 2018; 

Since June 2018","https://peraturan.bpk.go.id/Details/82994/pp-no-24-tahun-2018
;
https://peraturan.bpk.go.id/Details/128989/permendag-no-70m-dagper92015-tahun-2015",https://peraturan.bpk.go.id/Details/82994/pp-no-24-tahun-2018,https://peraturan.bpk.go.id/Home/Details/128443/permendag-no-75-tahun-2018,,
10,10.2,Other import restrictions on ICT goods and online services,1,"Regulation of the Minister of Trade No.68 2020;

Regulation of the Minister of Trade No.18 of 2021 on Goods Prohibited from Being Imported and Exported amended by Regulation of the Minister of Trade No. 40 of 2022
","Indonesia impose requirements primarily targeting consumer goods, including electronics under MOT Regulation 68/2020 and its amendmen. The stated goal is to encourage local production and reduce the influx of imports. The requirements involve obtaining Import Approval (PI) and submitting a Surveyor Report (LS) for importing regulated goods. Additionally, the monitoring of imports shifted from a post-border mechanism (outside customs) to a border mechanism (within customs), streamlining oversight.

Regulation 68/2020 came into effect in August 2020 and specified import conditions for various consumer goods. However, exemptions exist for certain cases, such as products for market testing or after-sales service. Furthermore, reporting obligations require importers to submit detailed monthly data electronically via the official trade website by the 15th of each month.

Note that Regulation of the Minister of Trade No.68/2020 amended by the Regulation 78/2020.
","Since August 2020;

Since June 2022",http://jdih.kemendag.go.id/pdf/Regulasi/2020/Permendag%20No.%2068%20Th.%202020.PDF,https://peraturan.bpk.go.id/Details/223844/permendag-no-40-tahun-2022,,,
10,10.2,Other import restrictions on ICT goods and online services,0.50,"Regulation of the Ministry of Trade No.31 Provisions on Business Licensing, Advertisement, Development and Supervision of Business Actors in Electronic Systems Trading 2023","Regulation of the Minister of Trade No. 31 of 2023 introduces new requirements for e-commerce businesses. Under Article 21, this Article stipulates that in conducting electronic commerce (PMSE), business actors are required to comply with the provisions of laws and regulations in the areas of: business licensing, proof of fulfillment of technical standards or requirements for goods and/or services (where applicable), prohibited and/or restricted goods and/or services, distribution of goods, and taxation.

In addition, PPMSEs (Electronic System Providers in Trade) operating under Marketplace and/or Social-Commerce business models are prohibited from acting as producers, in accordance with the laws and regulations on goods distribution.
Moreover, Social-Commerce platforms are prohibited from facilitating payment transactions through their electronic systems.",Since September 2023,https://peraturan.bpk.go.id/Details/265202/permendag-no-31-tahun-2023,,,,
10,10.2,Other import restrictions on ICT goods and online services,0.50,Regulation of the Minister of Finance Regulation No.190/PMK.04/2022 of 2022 on the Release of Imported Goods for Use 2022,"The Ministry of Finance Regulation No. 190/PMK.04/2022 (PMK-190), which specifically addresses the customs and VAT obligations for imported intangible goods such as software and digital products transmitted electronically. This regulation mandates that companies must submit an import notification form within 30 days of payment and pay relevant import duties and taxes, including VAT and income tax. It applies to software purchased electronically, including via downloads.

Article 34 on the Import of Intangible Goods. Intangible goods, such as software and other digital products, can be imported through electronic transmission. These goods are exempt from certain requirements, including transportation and manifest submission, unloading and storage in customs areas, and physical inspection. Customs obligations for these intangible goods are monitored through a customs audit mechanism. 
Article 35: Customs obligations for intangible goods are fulfilled using the Import Notification Form (PIB). The PIB must be submitted within 30 days from the date of payment for the intangible goods. Import duties for intangible goods are calculated according to the specified method in Article 22, which involves calculating duties based on the customs value. 
Article 36 imposes a collection of VAT and other taxes on intangible goods, conducted according to tax regulations concerning the use of intangible taxable goods from outside the customs area within the customs area.",Since December 2022,https://peraturan.bpk.go.id/Details/234015/pmk-no-190pmk042022,,,,
10,10.3,Local content requirements ,1,Regulation of the Minister of Communications and Informatics of the Republic of Indonesia No.3  on Certification of Telecommunication Equipment and/or Telecommunication Devices 2024,"Regulation of the Ministry of Communications and Information Technology (now the Ministry of Digital Communication) No.3 of 2024
Establishes mandatory certification for ICT equipment to ensure compliance with national standards, promoting the use of local manufacturers and service providers. It includes provisions aimed at increasing the local content required in ICT products, encouraging investment in local production facilities and capabilities.",Since May 2024,https://www.dimulti.id/blog/wp-content/uploads/2024/03/PERMEN-KOMINFO-NO-3-TAHUN-2024.pdf,,,,
10,10.3,Local content requirements ,1,"Regulation of the Minister of Communication and Informatics of the Republic of Indonesia No. 41/PER/M.KOMINFO/10/2009 2009;
","The Ministry of Communication and Information Technology (MOCI) Regulation No. 12/2019, which amends MOCI Regulation No. 41/PER/M.KOMINFO/10/2009, telecommunications operators in Indonesia are required to allocate at least 50% of their capital expenditures (CapEx) for network development to locally sourced components or services. This regulation aims to promote the use of domestic products and services in the telecommunications sector. Furthermore, operators must submit an annual report detailing the percentage of local content they have procured, which must be verified by either a government agency or an accredited survey institution. These provisions are designed to encourage local industry participation in network infrastructure development.

MOCI Regulation No. 12/2019 Article 6 Specifies that components of telecommunications materials/devices with at least 50% local content are considered to have 100% local content. This effectively mandates that telecommunications operators allocate a significant portion of their capital expenditures (CapEx) for network development to locally sourced components or services. Article 10 states that Telecommunications operators are required to conduct a self-assessment of their local content achievement (TKDN) for both capital and operational expenditures annually. They must report these findings to the Director General by April 30 of the following year. Article 11 states reported local content achievements must be verified by either a government agency or an accredited survey institution. This ensures compliance and encourages the use of domestic products and services in the telecommunications sector. 
","Since October 2009, last amended in October 2019","https://jdih.kominfo.go.id/produk_hukum/view/id/399/t/peraturan+menteri+komunikasi+dan+informatika+nomor+41permkominfo102009+tanggal+16+oktober+2009;

https://jdih.kominfo.go.id/produk_hukum/view/id/713/t/peraturan+menteri+komunikasi+dan+informatika+nomor+12+tahun+2019+tanggal+25+oktober+2019",,,,
10,10.3,Local content requirements ,1,"Regulation of the Minister of Communication and Informatics of the Republic of Indonesia No.13 on Technical Standards for Telecommunication Equipment and/or Mobile Telecommunication Devices Based on Long Term Evolution Technology Standards and International Mobile Telecommunication-2020 Technology Standards 2021
;
Regulation of the Minister of Communication and Informatics of the Republic of Indonesia No.27 on Implementation of Telecommunications Network Operations License and Telecommunications Service Operations License for Public Telecommunications Networks 2015","The Ministry of Communication and Information Technology (MOCI) Regulation No. 27/2015, repealed under the MOCI Regulation No.13/2021, continues to mandate local content requirements (LCR) for telecommunications equipment such as 4G smartphones. As of 2017, the minimum local content level was set at 40% for base stations and 30% for subscriber stations (smartphones, modems, etc.). These regulations aim to foster domestic manufacturing and reduce reliance on imports in the telecommunications sector.

As of October 2024, Apple’s iPhone 16 are banned in Indonesia, it stems from the company’s failure to meet the local content threshold required for smartphones under these regulations. The LCR mandates that at least 30% of the components in devices like smartphones be sourced locally. Despite Apple’s efforts to invest locally, such as supporting developer academies, its production in Indonesia fell short of fulfilling these requirements, prompting the ban. This situation highlights Indonesia’s ongoing push to strengthen its domestic manufacturing capabilities, a central component of its regulatory framework, especially in high-tech sectors like telecommunications.

MOCI Regulation No. 27/2015 Article 4 mandates that telecommunications equipment, including base stations and subscriber stations (such as smartphones), must meet specific local content thresholds.
- Base Stations: The minimum local content level is set at 40%.
- Subscriber Stations (Smartphones, Modems, etc.): The minimum local content level is set at 30%.","Since October 2021;

Since 2015",https://peraturan.bpk.go.id/Details/203124/permenkominfo-no-13-tahun-2021,https://jdih.kominfo.go.id/produk_hukum/view/id/356/t/peraturan%2Bmenteri%2Bkomunikasi%2Bdan%2Binformatika%2Bnomor%2B27%2Btahun%2B2015%2Btanggal%2B8%2Bjuli%2B2015?utm_source=chatgpt.com,,,
10,10.3,Local content requirements ,1,"Regulation of the Minister of Communication and Informatics of the Republic of Indonesia No.6 on the Provision of Internet Protocol Television (IPTV) Services 2017 

","The Ministry of Communication and Information Technology (MOCI) Regulation No. 6/2017 outlines specific local content requirements for IPTV providers in Indonesia, requiring Internet Protocol Set-Top Boxes to contain a minimum of 20% local content, with the requirement increasing to 50% within five years of operation. Additionally, IPTV operators must ensure that at least 10% of their broadcasting content and 30% of their multimedia services are of domestic origin. Furthermore, the regulation mandates that the number of local independent content providers in an IPTV operator’s content library must be at least 10% of the total, increasing to 50% within five years. These measures are part of Indonesia’s broader strategy to strengthen domestic production and reduce reliance on imports. Recent regulatory trends continue to emphasize local content across various industries, but no explicit amendments to these provisions have been reported. Consulting updated regulatory documents or official communications is advisable for precise compliance requirements.

Moreover, Pasal 13(2) mandates that Internet Protocol Set-Top Boxes (IP-STB) must prioritize domestic production with a minimum local content of 20%, which should be increased to at least 50% within five years. Pasal 17(1) outlines IPTV operators are required to allocate at least 10% of their broadcasting capacity to domestic content. Pasal 17(2) states For multimedia services, operators must ensure that at least 30% of their content library consists of domestic content. Pasal 17 (3) stipulates that the number of local independent content providers in an IPTV operator’s content library must be at least 10% of the total, with a gradual increase to 50% within five years.","Since February 2017
",https://peraturan.bpk.go.id/Details/150102/permenkominfo-no-6-tahun-2017,,,,
10,10.3,Local content requirements ,1,"Regulation of the Minister of Communication and Informatics of the Republic of Indonesia No.19/PER/M.KOMINFO/09/2011 on Utilization of Radio Frequency Band 2,3 GHz for Neutral-Technology-Based Wireless Broadband Service 2011","Regulation No. 19/2011 specifies the use of the 2.3 GHz frequency band for wireless broadband services and includes local content requirements. According to Pasal 6 of this regulation, telecommunications equipment used for wireless broadband services must meet a minimum local content requirement of 30% for subscriber stations and 40% for base stations. It also states that these requirements should increase to 50% within five years.",Since September 2011,https://jdih.kominfo.go.id/produk_hukum/view/id/309/t/peraturan+menteri+komunikasi+dan+informatika+nomor+19permkominfo092011+tanggal+14+september+2011,,,,
10,10.3,Local content requirements ,1,"Regulation of the Minister of Communication and Informatics of the Republic of Indonesia No.9 on Technical Requirements for Telecommunications Equipment and/or Devices Using Wavelength Division Multiplexing 2019
","The MCIT Regulation No. 4/2019 governs technical requirements for digital video broadcasting-terrestrial second generation (DVB-T2) set-top boxes (STBs) and digital broadcasting devices. The focus of the regulation is more aligned with ensuring the equipment meets broadcasting standards and compatibility with the DVB-T2 framework rather than prescribing strict local content requirements. Reports and analyses suggest that local content requirements (LCR) in various forms are part of broader regulations under Indonesia’s industrial policy, particularly to support domestic manufacturing. 

MCIT Regulation No. 4/2019:
- Pasal 9 specifies the local content requirements (Tingkat Kandungan Dalam Negeri - TKDN) for digital broadcasting devices:
(1): Digital television receivers based on DVB-T2 must have a minimum local content of 20%.
(2): Internet Protocol Set Top Boxes must also meet a minimum local content requirement of 20%.
- Pasal 11 states that the local content requirement of at least 20% for digital television receivers and set-top boxes will be enforced starting one year after the regulation comes into effect.
- Pasal 4 outlines the types of broadcasting devices covered under the regulation, including:
(1): Digital television broadcasting devices based on DVB-T2.
(4): Internet Protocol Set Top Boxes, which are specifically mentioned as part of the digital broadcasting framework.
- Pasal 7 indicates that the technical requirements for telecommunications devices used for broadcasting are detailed in Lampiran I, which is an integral part of the regulation.",Since September 2019,https://jdih.kominfo.go.id/produk_hukum/view/id/692/t/peraturan+menteri+komunikasi+dan+informatika+nomor+9+tahun+2019+tanggal+12+september+2019,,,,
10,10.3,Local content requirements ,1,"Regulation of the Minister of Communication and Informatics of the Republic of Indonesia No.9 on Optimization of Radio Frequency Spectrum Usage 2019
;
Regulation of the Minister of Communication and Informatics of the Republic of Indonesia No.10 on Regulations on Telecommunications Service Operations 2019","Ministry of Communications and Information Technology (MCIT) Regulation No. 9/2019 and No. 10/2019 mandate local content requirements for wavelength division multiplexing (WDM) and internet protocol (IP) network devices as part of Indonesia’s broader strategy to promote domestic manufacturing and reduce reliance on imports. These rules require a specified percentage of local components in such equipment to bolster local industry development. While the precise text of these regulations is not readily available in public records, reports confirm their continued enforcement.

MCIT Regulation No. 9/2019 Pasal 4 mandates that telecommunications equipment using wavelength division multiplexing (WDM) must meet local content requirements (Tingkat Komponen Dalam Negeri - TKDN) as per applicable regulations. This aligns with the strategy to promote domestic manufacturing and reduce reliance on imports.

MCIT Regulation No. 10/2019 Pasal 4: Similar to Regulation No. 9/2019, this article requires that internet protocol (IP) network devices comply with local content requirements. This is part of the broader strategy to support local industry development.","Since September 2019
;
Since September 2019",https://jdih.kominfo.go.id/produk_hukum/view/id/692/t/peraturan+menteri+komunikasi+dan+informatika+nomor+9+tahun+2019+tanggal+12+september+2019,https://jdih.kominfo.go.id/produk_hukum/view/id/693/t/peraturan+menteri+komunikasi+dan+informatika+nomor+10+tahun+2019+tanggal+19+september+2019,,,
10,10.4,Export restrictions on ICTgoods and online services,0,"Regulation of the Minister of Energy and Mineral Resources No.1 on the Increase of Mineral Added Value Through Mineral Processing and Refining Activities in the Country 2014
;
Regulation of the Government of the Republic of Indonesia No.85 pn Amendments to Regulation of the Government of the Republic of Indonesia No.32 of 2009 on Bonded Storage Areas 2015
;
Regulation of the Minister of Finance No.131/PMK.04/2018 on Bonded Zones 2018
;
Ministry of Finance Regulation No.6/PMK.011/2014 on
Second Amendment to Regulation of the Minister of Finance Number 75/PMK.011/2012 on the Determination of Export Goods Subject to Export Duty and Export Duty Tariffs 2014
","There was no record of export restrictions on digital goods and products. 

Regulation of the Minister of Energy and Mineral Resources (MEMR) No. 1/2014 affects the ICT supply chain as nickel is a critical component in electronics manufacturing. Article 3 prohibits the export of nickel ore with a nickel content of less than 1.7%.
- Article 3(4) states that certain types of metal mineral commodities, including nickel, must undergo processing and refining within Indonesia to meet the minimum processing and refining thresholds specified in Attachment I of the regulation. Attachment I (Lampiran I) explicitly sets the minimum threshold for nickel ore to be processed domestically, which includes the prohibition of exporting nickel ore with a nickel content of less than 1.7%.

Government Regulation No. 85/2015 on Bonded Zones; Ministry of Finance Regulation No. 131/2018 on SEZs provide incentives but includes limitations on exports and domestic sales. These cover 50% domestic sales limit and requirements for exemptions from duties and taxes.

Ministry of Finance Regulation No. 6/2014 imposes export duties on certain minerals, with rates varying depending on the type of mineral and its processing level, as specified in the annex. A 60% export duty may apply to some raw minerals unless specific conditions, such as smelter development, are met. While the regulation focuses on raw materials, these taxes can indirectly impact ICT production costs due to the reliance on critical minerals like nickel in electronics manufacturing.","Since January 2014
;
Since November 2015
;
Since September 2018
;
Since Januari 2014",https://peraturan.bpk.go.id/Details/142450/permen-esdm-no-1-tahun-2014,https://peraturan.bpk.go.id/Details/5664/pp-no-85-tahun-2015,https://peraturan.bpk.go.id/Details/113234/pmk-no-131pmk042018,https://peraturan.bpk.go.id/Details/147696/pmk-no-6pmk0112014,
11,11.1,Lack of transparent technical standards,0,"Law No.20 on Standardization and Conformity Assessment 2014
;
Regulation of the Government of the Republic of Indonesia No.8 on National Standardization and Conformity Assessment System 2022

","Law No.20 of 2014 states that Indonesia National Standards (SNI) can be developed in accordance with the international standards by taking into account the considerations of national interest and global competition. 

The development of Indonesian National Standard (SNI) is regulated under the Regulation of the National Standardization Body Number 8 of 2022. This regulation does not stipulate that stakeholders involved in the development of SNI originate solely from within the country. However, they are required to meet the stipulated criteria.

The formulation of the Indonesian National Standard (SNI) is carried out in a transparent manner and is accessible to the public via https://sispk.bsn.go.id. The public may provide input and feedback on the Draft SNI under development during the public enquiry stage.

Law No. 20/2014 on Standardization and Conformity Assessment establishes the framework for standardization and conformity assessment. It requires that regulated products meet mandatory SNI and undergo conformity assessment. Article 5 stipulates that technical standards should prioritize “national interests,” which can implicitly limit foreign participation in the process. And Article 8 outlines the formation of technical committees (komite teknis), which are predominantly comprised of local experts, without explicit provisions for foreign stakeholders. Article 41 states that technical standards should be based on consultation, but there is no explicit mechanism for notifying foreign stakeholders or publishing drafts for review.

Government Regulation No. 34/2018 on Trade Goods Certification and Standardization which serves as an implementing regulation for the provisions outlined in Law No. 20/2014, provides detailed rules and operational guidelines for enforcing the law, particularly concerning trade goods that must meet mandatory SNI or other technical standards.","Since September 2014
;
Since 2022",https://peraturan.bpk.go.id/Details/38663/uu-no-20-tahun-2014,https://bsn.go.id/uploads/download/22pbsn8_pengembangan_standar_nasional_indonesia_salinan.pdf?utm_source=chatgpt.com,,,0.250
11,11.2,"Self-certification limitations for product safety (radio transmissions, EMC/EMI)",0.5,ASEAN Sectoral Mutual Recognition Arrangement for Electrical and Electronic Equipment 2002,"Based on the ASEAN Sectoral Mutual Recognition Arrangement for Electrical and Electronic Equipment, Article 3, a member state shall accept or recognize the test reports and certifications issued by the testing laboratories and certification bodies of other parties.

Electronic products that are subject to mandatory implementation of the Indonesian National Standard (SNI) are not eligible for self-certification of product safety. Compliance with SNI requirements must be demonstrated through third-party certification, and therefore, certifications cannot be conducted solely by the suppliers.",Since April 2002,https://asean.org/asean-sectoral-mutual-recognition-arrangement-for-electrical-and-electronic-equipment/,,,,
11,11.2,"Self-certification limitations for product safety (radio transmissions, EMC/EMI)",0.50,"Regulation of the Government of the Republic of Indonesia No.52 on Telecommunications Operations 2000
;
Regulation of the Government of the Republic of Indonesia No.46 on Post, Telecommunications, and Broadcasting 2021
;
Decree of the Director General of Resources and Postal and Informatics Devices No.3 on the Acceptance of International Test Reports for Paperwork-Only Type Approval Applications for Non-HKT Equipment 2020
","Government Regulation No. 46/2021, which replaces the Government Regulation No.52/2000 stipulates that a certificate of approval is required for IT and telecommunication equipment to be sold or imported into the Indonesian market. The certificate of approval is issued by the Directorate General of Resources and Equipment for Post and Information Technology (SDPPI). The SDPPI Kepdiejen Postel No.3/2020 allows third party-certification from Conformity Assessment Bodies (CABs) from a number of countries.

Self-certification limitations for product safety, particularly concerning radio transmissions, electromagnetic compatibility (EMC), and electromagnetic interference (EMI), are governed by several regulatory frameworks under the Directorate General of Resources and Equipment Standardization for Post and Informatics (SDPPI).

- SDPPI Regulation No. 7 of 2021 establishes the Type Approval process for telecommunication and radio frequency devices. Products must undergo testing in SDPPI-accredited laboratories to ensure compliance with EMC/EMI standards such as CISPR 32 and EN 301 489. Self-certification is not permitted; all results must be verified through accredited entities.
- SDPPI Regulation No. 109/2024 strengthens mandatory EMC testing parameters, such as conducted emissions and radiated emissions, for telecommunication equipment. This regulation requires conformity assessment through independent third-party testing labs accredited by SDPPI.

Foreign manufacturers are required to appoint a local Indonesian company to manage the Type Approval application and certification process. This includes the submission of technical documents and test reports.","Since July 2000, last amended in February 2021;

Since February 2021
;
Since January 2020
","https://peraturan.bpk.go.id/Details/53323/pp-no-52-tahun-2000; 

https://www.postel.go.id/content/EN/regulasi/telecommunication/pp/gr52-2000.pdf",https://peraturan.bpk.go.id/Home/Details/161970/pp-no-46-tahun-2021,https://www.eleoscompliance.com/en/article/indonesia-SDPPI-approval-testing-reports,,
11,11.2,"Self-certification limitations for product safety (radio transmissions, EMC/EMI)",0.50,Minister of Communication and Informatics Regulation No.16 on Operational Provisions for the Certification of Telecommunication Equipment and/or Devices 2018,"The Minister of Communication and Information Technology (Kominfo) Regulation No. 16/2018 on Certification of Telecommunication Tools and Equipment does not allow manufacturers to self-certify their products’ compliance with Indonesian standards. Instead, a third-party testing body must assess compliance.
- Article 2: Requires all telecommunications equipment, including devices with radio transmission and EMC/EMI implications, to be certified before they can be marketed or used in Indonesia. Certification must be obtained from designated certification bodies, accredited by Kominfo. 
- Article 4, compliance with the Technical Requirements for telecommunication tools and/or equipment as referred to in Article 2 paragraph (1) must be proven by a Certificate through the certification process. 
- Article 6: Every telecommunication tool and/or equipment manufactured, assembled, or imported for trade and/or use within the territory of the Republic of Indonesia must be certified. Telecommunication tools and/or equipment that continue to be manufactured, assembled, or imported for trade in the territory of the Republic of Indonesia after three years from the effective date of the Certificate must be re-certified by the Certificate holder. 
- Article 23: Testing centers, as referred to in Article 22, conduct testing, the results of which are in the form of a Test Report. 
- Article 22 The testing centers include: a. Domestic Testing Centers; and b. Foreign Testing Centers.
",Since December 2018,https://peraturan.bpk.go.id/Details/149737/permenkominfo-no-16-tahun-2018,,,,
11,11.2,"Self-certification limitations for product safety (radio transmissions, EMC/EMI)",0,"Regulation of the Minister of Trade No.25 on the Designation of Goods Required to Use or Be Accompanied by Labels in the Indonesian Language 2021
","●	Regulation No. 73/2015
-	Article 2: 
(1)	Goods traded in the domestic market must include labels in the Indonesian language.
(2)	the obligation to include labels in the Indonesian language applies to:
a.	Producers for domestically produced goods
b.	importers for imported goods. 
-	Article 3: Labels in the Indonesian language must be clear, easy to read, and easy to understand
-	Article 4: labels in the Indonesian Language can be applied in the following ways:
a.	embossed or printed directly on the product
b.	attached or affixed to the product or its packaging
c.	included as part of the product or packaging
-	Article 5: Specifies that labels must include safety and usage information, which is crucial for consumer protection. 
Labels must include the following information: 
a.	Name and address of the producer (for domestic goods)
b.	Name and address of the importer (for imported goods)
c.	Name and address of the collector trader if they sell goods from micro and small enterprises. 
-	Article 8: Exemptions to the labeling requirements:
a.	Bulk goods sold directly to consumers. 
b.	goods produced by micro and small enterprises. 

●	The Regulation of Minister of Trade Number 73 of 2015, as revoked by The regulation of Minister of Trade Number 25 of 2021 concerning the Stipulation of Goods Required to Use or be Accompanied by Labels in the Indonesian Language, does not regulate labeling provisions related to standards.
●	The Directorate of Standardization and Quality Control, The Ministry of Trade (Dit. Standardisasi dan Pengendalian Mutu, Kementerian Perdagangan) regulates the affixation of labels related to the Product Registration Number (Nomor Pendaftaran Barang/NPB) and the Registration of Goods concerning Safety, Security, Health, and Environmental Aspects (K3L) through The Regulation of Minister of Trade Number 21 of 2023.
●	The Product Registration Number (NPB) must be affixed to the goods and their packaging prior to the product being marketed or traded.
●	The amendment of Regulation No. 73/ 2015 focused on the appendix.
●	Regulation No. 25/2021
-	The list of goods subject to mandatory Indonesian-language labeling is provided in the appendix of the regulation. 
-	Labels must include the following information: (stated particularly in the Appendix Column Description/ explanation based on product type)
a.	Product name
b.	Brand name
c.	Name and address of the producer (for domestic goods) or importer (for imported goods)
d.	electrical information (voltage and frequency)
e.	Country of origin.",Since April 2021,https://peraturan.bpk.go.id/Details/166549/permendag-no-25-tahun-2021,,,,
11,11.3,Product screening and testing requirements,0.50,"Decision of the Director General of Resources and Postal and Informatics Devices No.36 on Recognition of Foreign Testing Laboratories for Telecommunication Devices Other Than Mobile Phones, Handheld Computers, and Tablet Computers 2020","In-country testing at an SDPPI (Directorate General of Resources and Postal and Informatics Devices) laboratory of two randomly selected equipment samples is required for radio frequency and telecommunications equipment before the issuance of the certificate by SDPPI. SDPPI Decision No. 36 issued in January 2020 includes a list of the 150 international test labs that it recognizes.

",Since January 2020,https://www.dimulti.id/blog/wp-content/uploads/2020/01/KEPDIRJEN_SDPPI_NOMOR_36_TAHUN_2020_BULN_NonHKT.pdf,,,,
11,11.3,Product screening and testing requirements,0.50,Overseas Test Lab Test Report Requirements,"Indonesia Directorate General of Resources and Postal and Informatics Devices (SDPPI) announced on June 7, 2021 regarding all Overseas Test Reports (accepted bythe Directorate General of Resources and Equipment for Post and Information Technology /SDPPI), is mandatory to provide the summary of the result according to SDPPI technical requirements. This requirement will take effect on July 4, 2021.

",Since June 2021,https://www.csagroup.org/global-certification-regulatory-update/indonesia-sdppi-overseas-test-lab-test-report-requirements/,,,,
11,11.3,Product screening and testing requirements,0.50,Regulation of the Minister of Communication and Informatics of the Republic of Indonesia No.16 on Operational Provisions for the Certification of Telecommunication Equipment and/or Devices 2018,"The Minister of Communication and Information Technology (Kominfo) Regulation No. 16/2018 on Certification of Telecommunication Tools and Equipment does not allow manufacturers to self-certify their products’ compliance with Indonesian standards. Instead, a third-party testing body must assess compliance.

- Article 2: Requires all telecommunications equipment, including devices with radio transmission and EMC/EMI implications, to be certified before they can be marketed or used in Indonesia. Certification must be obtained from designated certification bodies, accredited by Kominfo. 
- Article 4, compliance with the Technical Requirements for telecommunication tools and/or equipment as referred to in Article 2 paragraph (1) must be proven by a Certificate through the certification process. 
- Article 6: Every telecommunication tool and/or equipment manufactured, assembled, or imported for trade and/or use within the territory of the Republic of Indonesia must be certified. Telecommunication tools and/or equipment that continue to be manufactured, assembled, or imported for trade in the territory of the Republic of Indonesia after three years from the effective date of the Certificate must be re-certified by the Certificate holder. 
- Article 23: Testing centers, as referred to in Article 22, conduct testing, the results of which are in the form of a Test Report. 
- Article 22 The testing centers include: a. Domestic Testing Centers; and b. Foreign Testing Centers.

",Since December 2018,https://peraturan.bpk.go.id/Details/149737/permenkominfo-no-16-tahun-2018,,,,
11,11.4,"Deviation from international encryption standards (ISO, IEC, ITU, FIPS, AES, TDES, and ECC)",0,"Presidential Regulation No.47 on the National Cybersecurity Strategy and Cyber Crisis Management 2023
;
Law No.11 on Information and Electronic Transactions 2008
;
Law No.19 on Amendments to Law No.11 of 2008 on Electronic Information and Transactions 2016
;
Law No.1 on the Second Amendment to Law No.11 of 2008 on Electronic Information and Transactions 2024","Indonesia has the SNI ISO/IEC 19790:2015 standard, which regulates information technology, security techniques, and security requirements for cryptographic modules (ISO/IEC 19790:2012, IDT). 

The National Cyber and Crypto Agency (BSSN) is currently preparing a draft Agency Regulation concerning the Implementation of Indonesian Cryptographic Algorithms and the Cryptographic Module Security Assessment Scheme. The regulatory substance includes: general criteria and specific criteria for Indonesian cryptographic algorithms, the Indonesian cryptographic committee, and the cryptographic module security certification scheme. In this regulation, SNI ISO/IEC 19790:2015 is required to be implemented by Electronic System Operators (PSE) on Vital Information Infrastructure (IIV) protection technology.

Based on Presidential Regulation No. 47/2023 on the National Cybersecurity Strategy and Cyber Crisis Management, Indonesia emphasizes the importance of maintaining cybersecurity, including through regulations governing the use of encryption. This regulation is explicitly outlined in Article 6 of Presidential Regulation 47/2023, which addresses national cryptographic independence. Currently, Indonesia has formally adopted a national encryption policy framework that “deviates” in the sense that it emphasizes the use of domestically developed cryptographic algorithms, as stipulated in the Regulation of the National Cyber and Crypto Agency (BSSN) No. 11 of 2024 on the Implementation of Indonesian Cryptographic Algorithms and Cryptographic Module Security Conformity Assessment. This policy can be implemented by Electronic System Operators (PSE) or Critical Information Infrastructure Operators (PIIV). 

As outlined in BSSN Regulation No. 11/2024, the reference standard used is SNI ISO/IEC 19790:2015 Information Technology — Security Techniques — Security Requirements for Cryptographic Modules, and the adoption of international cryptographic systems remains possible. According to BSSN Regulation No. 11/2024, there is no application of encryption standards that deviate from internationally recognized standards. Furthermore, under the Electronic Information and Transactions Law (ITE Law) and BSSN Regulation No. 11/2024, foreign encryption products are required to undergo a certification process before being used in Indonesia. 

Although there is no explicit obligation to disclose trade secrets, the certification process may require the submission of proprietary technical documentation, which can raise concerns about the protection of sensitive business information. Essentially, these regulations aim to ensure that products and services comply with adopted security standards. It can be concluded that these policies are not intended to serve as a direct barrier to digital trade, as the regulations remain aligned with international standards and do not mandate the disclosure of trade secrets during the certification process.
","Since July 2023
;
Since April 2008, last amended in January 2024
;
Since November 2016
;
Since January 2024",https://peraturan.bpk.go.id/Details/255542/perpres-no-47-tahun-2023,https://peraturan.bpk.go.id/Details/37589/uu-no-11-tahun-2008,https://peraturan.bpk.go.id/Details/37582/uu-no-19-tahun-2016,https://peraturan.bpk.go.id/Details/274494/uu-no-1-tahun-2024,
12,12.01,Foreign equity limits in e-commerce sector,0,"Regulation of the Government of the Republic of Indonesia No.15 of 2013 on the Implementation of Law No.38 of 2009 on Postal Services 2013
;
Regulation of the Government of the Republic of Indonesia No.46 on Postal Services, Telecommunications, and Broadcasting 2021","Article 7 of the Government Regulation No. 46 of 2021 refers to Article 19 of Government Regulation No. 15 of 2013, which stipulates the foreign ownership limit for express delivery services companies, and continues to enforce the 49% foreign ownership limit for these services, even after the 2021 amendment. 

Note that Regulation of the Government of the Republic of Indonesia No.15/2013 as amended by the Government Regulation No.46/2021.
","Since March 2013, last amended in February  2021
;
Since February  2021",https://peraturan.bpk.go.id/Home/Details/5347,https://peraturan.bpk.go.id/Home/Details/161970/pp-no-46-tahun-2021,,,0.538
12,12.01,Foreign equity limits in e-commerce sector,0,"Presidential Regulation No.10 on Investment Business Sectors 2021;

Presidential Regulation No.49 on Amendments to Presidential Regulation No.10 on Investment Business Sectors 2021","The Negative Investment List (Daftar Negatif Investasi or DNI) was historically governed by Presidential Regulation No. 44 of 2016, which outlined various business sectors where foreign ownership was restricted or prohibited. This regulation has since been replaced by the Positive Investment List under Presidential Regulation No. 10 of 2021, which liberalized many sectors. 

Presidential Regulation No. 10 of 2021 on Business Fields Open to Investment, part of the Omnibus Law (Law No. 11 of 2020 on Job Creation), sets the framework for business investment in Indonesia, including e-commerce. Article 3 and Attachment distinguishes between business activities reserved for domestic investors and those open to foreign investment. E-commerce businesses with total investment value below IDR 10 billion (excluding land and buildings) are reserved for domestic investors only. For e-commerce platforms with an investment value above IDR 10 billion, there is no restriction on foreign ownership (100% ownership is permitted).

Indonesia has made significant changes to its regulations regarding foreign equity in the e-commerce sector. The e-commerce sector in Indonesia is now open to 100% foreign ownership. Article 7 of Presidential Regulation No. 10 of 2021 did set a condition for foreign investment in Indonesia, stating that foreign investment is only permissible in large enterprises with an investment value exceeding IDR 10 billion, excluding land and buildings. This requirement is a general condition for foreign investors across various sectors, including e-commerce. 

Additionally, Presidential Regulation No. 10 of 2021 is no longer applicable due to the amendments made by Presidential Regulation No. 49 of 2021. The amendments clarify and update the regulations regarding foreign investment, containing a similar Article 7 of Presidential Regulation No. 10 of 2021 stating that Foreign investment can only be conducted in large enterprises with an investment value exceeding IDR 10 billion (excluding land and buildings). Again, Article 7 sets a financial threshold for foreign investments, it does not limit the percentage of foreign ownership in the e-commerce sector. 

Presidential Regulation No. 49 of 2021 
- Article 2 - All business sectors are open for investment, except for sectors that are:
(a) Closed to investment.
(b) Only to be conducted by the central government.
(1a) Open sectors include those that are commercial in nature.
- Article 6 - Business sectors with specific requirements can be undertaken by all investors, including cooperatives and SMEs, under certain conditions:
(b) Investment with restrictions on foreign ownership.
(3) Specifies that sectors with restrictions on foreign ownership include:
(a) Trade in alcoholic beverages (importers, distributors, and sub-distributors).
(b) Retail trade of alcoholic beverages.

Regulation of the Investment Coordinating Board (BKPM) No. 4 of 2021 Provides technical guidelines on implementing the provisions of Presidential Regulation No. 10 of 2021.
- Article 5 and Article 6 clarifies the operational requirements and investment criteria, including thresholds for small and medium enterprises (SMEs).
- Article 6(2) confirms that business fields designated for MSMEs (such as e-commerce businesses with a total investment below IDR 10 billion) are closed to foreign investors.
- Article 12(1) stipulates that foreign investment in Indonesia must be in the form of a Limited Liability Company (PT PMA) and comply with equity restrictions outlined in Presidential Regulation No. 10 of 2021.
- Article 23 elaborates on priority sectors eligible for full foreign ownership, such as large-scale e-commerce platforms (investment > IDR 10 billion).

Article 12 of BKPM Regulation No. 4 of 2021 Reiterates the 67% foreign ownership cap for telecommunication tower companies. 


","Since February 2021, last amended in May 2021
;
Since May 2021
",https://peraturan.bpk.go.id/Details/161806/perpres-no-10-tahun-2021,https://peraturan.bpk.go.id/Details/168534/perpres-no-49-tahun-2021,,,
12,12.2,"Online purchases and delivery limitations
Exception: Not score limitations on online purchases and delivery applied specifically to products related to consumer protection, notably restrictions on alcoholic beverages, tobacco, and pharmaceuticals.",1,"Regulation of the Government of the Republic of Indonesia No.15 of 2013 on the Implementation of Law No.38 of 2009 on Postal Services 2013
;
Regulation of the Government of the Republic of Indonesia No.46 on Postal Services, Telecommunications, and Broadcasting 2021",The Government Regulation No.46/2021 requires foreign delivery companies to limit their activities to the provincial level (no inter-province delivery) and imposes an obligation for foreign delivery companies to cooperate with local delivery service companies to conduct the delivery at the provincial level (Article 7). ,"Since March 2013, last amended in February  2021
;
Since February  2021",https://peraturan.bpk.go.id/Home/Details/5347,https://peraturan.bpk.go.id/Home/Details/161970/pp-no-46-tahun-2021,,,
12,12.2,"Online purchases and delivery limitations
Exception: Not score limitations on online purchases and delivery applied specifically to products related to consumer protection, notably restrictions on alcoholic beverages, tobacco, and pharmaceuticals.",0,"Regulation of the Director General of Taxes No.PER-12/PJ/2020 on Specific Criteria Limitations for Tax Collectors, as well as the Appointment of Tax Collectors, Collection, Remittance, and Filing of Value-Added Tax on the Utilization of Intangible Taxable Goods and/or Taxable Services from Outside the Customs Territory into the Customs Territory through Electronic Commerce 2020


","This measure does not impose restrictions on online sales and delivery. Director General of Tax Regulation No. PER-12/PJ/2020, the provision on the imposition of Value-Added Tax (VAT) on the sale of goods and services by foreign providers to Indonesian consumers should use the phrase ""and/or"" instead of ""or"" as previously stated. This means that VAT obligations apply if foreign service providers meet either or both of the following criteria: (1) minimum annual revenue of IDR 600 million from transactions in Indonesia, and/or (2) serving at least 12,000 Indonesian consumers annually.

In accordance with Article 4(b) of PER-12/PJ/2020, the criteria are also deemed satisfied if the volume of traffic or users accessing the service from Indonesia exceeds 12,000 (twelve thousand) within one year OR 1,000 (one thousand) within one month. The term ""Indonesian consumers"" in the prior statement must be aligned with this provision, where ""traffic or users"" (not merely completed transactions) serve as the benchmark. This includes all active visits/users from Indonesia, regardless of whether a transaction occurs.
","Since June 2020
",https://jdih.kemenkeu.go.id/download/23107da1-1d72-4384-9d26-b49003225fd9/PER-12.PJ_.2020.pdf,,,,
12,12.3,"Licensing scheme for e-commerce providers (B2B and B2C)
Exception: Licenses pertiaining to other aspects of e-commerce businesses, such as license to operate online payment services and delivery are not captured. ",0,"Regulation of the Minister of Communication and Informatics of the Republic of Indonesia No.5 on Private Electronic System Operators 2020
;
Minister of Communication and Informatics Regulation No. 10 on the Amendment to Minister of Communication and Informatics Regulation No. 5 of 2020 on Private Electronic System Operators 2021
;
Ministerial Regulation No.14 on Electronic Systems and Transactions 2018","According Minister of Communication and Informatics Regulation No.5 of 2020, a Private ESO is defined as any person, business entity, or community that operates an electronic system that includes e-commerce platforms. The regulation requires a private ESO to register to government before operating their services.

Ministerial Regulation No. 14/2018 on Electronic Systems and Transactions: This regulation governs the electronic transactions and systems in Indonesia. All e-commerce providers must register their business and electronic systems with the Ministry of Communication and Information Technology (Kominfo).
- Article 2: Establishes that providers of electronic systems must ensure compliance with Indonesian regulations regarding their activities.
- Article 10: Requires e-commerce providers to register with Kominfo, which issues an Electronic System Operator (ESO) certification.

Indonesia, e-commerce providers are subject to various laws and regulations that require specific licenses and compliance. E-commerce businesses must obtain a Indonesian Company Registration (SIUP), a trading business license, issued by the local government. This applies to both domestic and foreign businesses operating in Indonesia. Also required a Tax Identification Number (NPWP). E-commerce businesses must also register for a Nomor Pokok Wajib Pajak (NPWP), which is required for tax purposes.



","Since November 2020, last amended in May 2021
;
Since May 2021;

Since 2018",https://peraturan.bpk.go.id/Details/203049/permenkominfo-no-5-tahun-2020,https://peraturan.bpk.go.id/Details/203121/permenkominfo-no-10-tahun-2021,https://peraturan.bpk.go.id/Details/98096/perbup-kab-lumajang-no-14-tahun-2018,,
12,12.3,"Licensing scheme for e-commerce providers (B2B and B2C)
Exception: Licenses pertiaining to other aspects of e-commerce businesses, such as license to operate online payment services and delivery are not captured. ",1,Law No.7 on Trade 2014,"The term """"business actor"""" as referred to in Law No. 7 of 2014 pertains to those conducting business activities in the trade sector (excluding manufacturers). Business actors engaged in trade activities are required to obtain a business license in the trade sector. Article 24 requires businesses actors engaged in trading activities to obtain a business license from the relevant authority. 

Currently, the licensing process in Indonesia is integrated through the Online Single Submission (OSS) system. There is no explicit limitation on the maximum duration of up to 30 years for the validity or application of provisions.

Business licensing is also included as part of supervisory activities, as stipulated in Article 100.
","Since March 2014, last amended in 2020",https://peraturan.bpk.go.id/Details/38584/uu-no-7-tahun-2014,,,,
12,12.3,"Licensing scheme for e-commerce providers (B2B and B2C)
Exception: Licenses pertiaining to other aspects of e-commerce businesses, such as license to operate online payment services and delivery are not captured. ",1,"Regulation of the Government of the Republic of Indonesia No.80 on Trading Through the Electronic System (E-commerce Law) 2019
;
Regulation of the Minister of Trade No.31 on Business Licensing, Advertising, Guidance and Supervision of Business Actors in Trading Through Electronic Systems 2023
;
Law No.6 on General Provisions and Tax Procedures 1983
","Government Regulation No. 80 of 2019 on E-Commerce
- Article 13 E-commerce businesses are required to provide accurate information about their legal status, supported by verifiable documentation such as the Business Identification Number (NIB). The Article 13 does not only concern legal identity, but also includes information on goods and/or services as well as provisions on advertising ethics.
- Article 14 PPMSE (E-Commerce Platform Providers) platforms that host e-commerce activities must ensure their electronic systems have a Certificate of Feasibility (Sertifikat Kelaikan Sistem Elektronik).
- Article 15, Paragraph (1) mandates that any business engaging in electronic trading must obtain a business license, such as SIUP or an equivalent license under the Online Single Submission (OSS) system. The business license referred to in Article 15 paragraph (1) is categorized based on the level of business risk in accordance with Government Regulation No. 5 of 2021, where micro and small enterprises are only required to obtain a Business Identification Number (NIB), while medium and large-scale enterprises must obtain both an NIB and an E-Commerce Trade Business License (SIUPMSE). All licensing processes are conducted through the OSS system.
- Article 15, Paragraph (3): The application for a business license must be conducted via the OSS system, which integrates the registration process with risk-based licensing requirements

Minister of Trade Regulation No.31. Note that Minister of Trade Regulation No. 50 of 2020 has been repealed and replaced by Minister of Trade Regulation No. 31 of 2023.
- Business Actors are required to have a Business License in conducting PMSE business activities.

Similarly, Article 2 of Law No. 6 of 1983 on General Provisions and Taxation Procedures (as amended by Law No. 7 of 2021) requires all entities engaged in economic activities, including e-commerce businesses, to register for a Tax Identification Number (NPWP).

","Since November 2019
;
Since September 2023
;
Since December 1983, last amended in 2021",https://peraturan.bpk.go.id/Details/126143/pp-no-80-tahun-2019,https://peraturan.bpk.go.id/Details/265202/permendag-no-31-tahun-2023,"https://peraturan.bpk.go.id/Details/46986/uu-no-6-tahun-1983
;
https://perpajakan.ddtc.co.id/sumber-hukum/peraturan-pusat/konsolidasi/consolidation-ofgeneral-provisions-and-tax-procedures-law",,
12,12.4,"Restrictions on online payment 
",1,Bank Indonesia Regulation No.20/6/PBI/2018 on Electronic Money 2018,"Bank Indonesia Regulation No. 20/6/PBI/2018 on Electronic Money regulation 
- Article 38 mandates that all electronic money transactions must be processed domestically. This means that e-commerce providers must utilize local banking systems for processing payments, reinforcing the need for local bank accounts.

Note that Bank Indonesia Regulation No. 11/12/PBI/2009, last amended by Bank Indonesia Regulation No.20/6/PBI/2018 regarding E-money.",Since May 2018,https://peraturan.bpk.go.id/Details/135874/peraturan-bi-no-206pbi2018-tahun-2018,https://www.bi.go.id/elicensing/helps/PBI_111209-Emoney.pdf,,,
12,12.4,"Restrictions on online payment 
",1,"Law No.7 on Currency 2011
","Law No. 7 of 2011 on Currency requires that all transactions within Indonesia must use Rupiah (IDR). This applies to both cash and non-cash transactions, including payments and settlements of financial obligations.
- Article 21: This article mandates that Rupiah (IDR) must be used for all transactions within Indonesia, including cash and non-cash transactions, except for certain cross-border transactions.
- Article 23: Prohibits rejecting Rupiah for settlement of obligations within Indonesia. This establishes the primacy of Rupiah in the domestic economy.",Since June 2011,https://peraturan.bpk.go.id/Details/39182/uu-no-7-tahun-2011,,,,
12,12.4,"Restrictions on online payment 
",0,Bank Indonesia Regulation No. 17/3/PBI/2015 on the Obligation to Use Rupiah within the Territory of the Unitary State of the Republic of Indonesia 2015,"Bank Indonesia Regulation No. 17/3/PBI/2015
- Article 2(2): Explicitly states that all payment transactions and financial obligations in Indonesia must be settled in Rupiah. It includes transactions using credit cards, debit cards, ATM cards, and other electronic payment systems.
- Article 4: The obligation to use Rupiah as referred to in Article 2 paragraph does not apply to the following transactions:
a. certain transactions in the context of implementing the state revenue and expenditure budget;
b. d. receipt or provision of grants from or to foreign countries;
c. international trade transactions; 
deposits in banks in the form of foreign currency; or
e. international financing transactions.","Since March 2015
",https://peraturan.bpk.go.id/Details/135519/peraturan-bi-no-173pbi2015-tahun-2015,,,,
12,12.4,"Restrictions on online payment 
",1,Bank Indonesia Regulation No.20/6/PBI/2018 on Electronic Money 2018,"Bank Indonesia Regulation No. 20/6/PBI/2018 on Electronic Money regulation 
- Article 44 mandates that all payment transactions conducted within Indonesia must be in Indonesian Rupiah.

Note that Bank Indonesia Regulation No. 11/12/PBI/2009, last amended by Bank Indonesia Regulation No.20/6/PBI/2018 regarding E-money.


",Since May 2018,https://peraturan.bpk.go.id/Details/135874/peraturan-bi-no-206pbi2018-tahun-2018,https://www.bi.go.id/elicensing/helps/PBI_111209-Emoney.pdf,,,
12,12.4,"Restrictions on online payment 
",1,"Regulation of the Government of the Republic of Indonesia No.80 on Trading Through the Electronic System (E-commerce Law) 2019
;
Regulation of the Minister of TradeNo.50 on Provisions on Business Licensing, Advertisement, Development and Supervision of Business Actors in Electronic Systems Trading 2020","Regulation 80/2019 on E-Commerce (PP 80/2019)
- Article 9(2) states that international e-commerce transactions must comply with regulations governing exports and imports, and regulations in the field of information and electronic transactions. 
- Article 15: E-commerce operators must have a clear legal identity and comply with local financial regulations, including collaborating with licensed payment system providers (typically requiring a local bank account for the processing of payments and tax compliance).
- Article 16: Foreign e-commerce providers must comply with Indonesian tax regulations, which involve using Indonesian payment gateways and banking systems for local transactions
- Article 60: This article specifies that operators of Trade Through Electronic Systems (PPMSE) are required to make transactions in Rupiah currency as a means of payment and shall be in accordance with the provisions of laws and regulations.

Regulation 50/2020 on E-Commerce implementing regulation that complements and builds upon Regulation 80/2019 specifies that the currency used for payments must comply with Indonesia’s financial regulations, implying that transactions are expected to use Rupiah (IDR) within the country unless exceptions apply to international trade.
","Since Novmeber 2019
;
Since May 2020",https://peraturan.bpk.go.id/Details/126143/pp-no-80-tahun-2019,https://peraturan.bpk.go.id/Details/160273/permendag-no-50-tahun-2020,,,
12,12.4,"Restrictions on online payment 
",0,Bank Indonesia Regulation No. 18/40/PBI/2016 on the Implementation of Payment Systems,"Indonesia’s payment security standards, especially those outlined by Bank Indonesia, are aligned with international standards, such as ISO 27001 for information security management and PCI-DSS for card payment data security.

Bank Indonesia Regulation No. 18/40/PBI/2016 on the Implementation of Payment Systems sets out the requirements for the operation and security of payment systems in Indonesia:
- Article 7 requires payment system operators to implement security measures to ensure that payment services are secure and reliable, focusing on the integrity and confidentiality of payment data. The regulation also includes provisions for the authentication of users and data encryption, which align with global security standards like PCI-DSS (Payment Card Industry Data Security Standard) but are customized for local implementation.",Since November 2016,https://peraturan.bpk.go.id/Details/135749/peraturan-bi-no-1840pbi2016-tahun-2016,,,,
12,12.4,"Restrictions on online payment 
",1,Bank Indonesia Regulation No.20/6/PBI/2018 on Electronic Money 2018,"Regulation No. 11/12/PBI/2009 last amended by the Bank Indonesia Regulation No.20/6/PBI/2018 requires that any e-money issuer must be licensed by Indonesia's Central Bank. In addition, the Bank Indonesia Regulation No.20/6/PBI/2018 added the maximum amount of stored e-money which is IDR 2 million for unregistered e-money and IDR 10 million for registered e-money.

Bank Indonesia Regulation No. 20/6/PBI/2018 on Electronic Money regulation governs electronic payments and e-wallet services in Indonesia. E-commerce providers offering digital payment services must comply with Bank Indonesia’s requirements for electronic money issuance and usage. 
- Article 4: Stipulates that electronic money issuers must obtain a license from Bank Indonesia.
- Article 9: Specifies minimum capital requirements for non-bank e-money issuers, which are linked to the value of managed floating funds. E-money issuers managing a floating fund of IDR 1 billion or more are required to obtain a license from Bank Indonesia. This applies to both closed-loop and open-loop e-money systems. Non-bank issuers managing significant floating amounts must have a minimum paid-up capital of IDR 3 billion. If the floating funds exceed IDR 9 billion, the issuer must increase their capital to IDR 10 billion plus 3% of the total floating fund. For unregistered users, the maximum floating fund per user is capped at IDR 2 million, For registered users, the cap is IDR 10 million.

Article 82: Entities conducting e-money operations prior to the regulation’s enactment (May 4, 2018) were required to apply for a license within six months of the regulation taking effect. Foreign e-commerce businesses operating in Indonesia are generally subject to the same requirements if they act as e-money issuers or integrate payment systems and must obtain a license if they issue e-money or provide similar services within Indonesia. Articles 8 and 10 specify the capital and Ownership Restrictions. At least 51% of the shares in a non-bank e-money issuer must be owned by Indonesian individuals or entities, with a maximum of 49% foreign ownership.
",Since May 2018,https://peraturan.bpk.go.id/Details/135874/peraturan-bi-no-206pbi2018-tahun-2018,https://www.bi.go.id/elicensing/helps/PBI_111209-Emoney.pdf,,,
12,12.4,"Restrictions on online payment 
",1,Bank Indonesia Regulation No.20/6/PBI/2018 on Electronic Money 2018,"Bank Indonesia Regulation No. 20/6/PBI/2018 on Electronic Money regulation Article 45 specifies limits on the value of electronic money that can be stored and transacted. For instance:
- Unregistered electronic money can hold a maximum value of IDR 2,000,000 (approximately 130 USD). 
- Registered electronic money can hold a maximum value of IDR 10,000,000 (approximately 650 USD). 

Note that Bank Indonesia Regulation No. 11/12/PBI/2009, last amended by Bank Indonesia Regulation No.20/6/PBI/2018 regarding E-money.
",Since May 2018,https://peraturan.bpk.go.id/Details/135874/peraturan-bi-no-206pbi2018-tahun-2018,https://www.bi.go.id/elicensing/helps/PBI_111209-Emoney.pdf,,,
12,12.4,"Restrictions on online payment 
",0,"Bank Indonesia Regulation No.20/6/PBI/2018 on Electronic Money 2018
;
Regulation of the Government of the Republic of Indonesia No.80 on Trading Through the Electronic System (E-commerce Law) 2019","There are no explicit mandate for the use of specific intermediaries for online payments in Indonesia. However, the requirement to work with authorized payment system providers is emphasized in several regulations, particularly for compliance with security, consumer protection, and licensing standards. 

Bank Indonesia Regulation No. 20/6/PBI/2018 on Electronic Money:
- Article 5 states that payment service providers, including electronic money issuers, must obtain authorization from Bank Indonesia. This implies that businesses using electronic money or payment systems must work with authorized providers (e.g., acquirers, switchers, and clearing operators).
- Article 7 requires licensed issuers to ensure their systems are secure and integrated with Indonesia’s domestic payment processing networks.

Government Regulation No. 80/2019 on E-Commerce:
- Article 60 requires all e-commerce payment systems to comply with Indonesian regulations, indirectly mandating collaboration with authorized local payment intermediaries.","Since May 2018
;
Since November 2019","https://peraturan.bpk.go.id/Details/135874/peraturan-bi-no-206pbi2018-tahun-2018;

https://peraturan.bpk.go.id/Details/135874/peraturan-bi-no-206pbi2018-tahun-2018",https://peraturan.bpk.go.id/Details/126143/pp-no-80-tahun-2019,https://peraturan.bpk.go.id/Details/160273/permendag-no-50-tahun-2020,,
12,12.4,"Restrictions on online payment 
",0,Bank Indonesia Regulation No. 23/6/PBI/2021 on Payment Service Providers 2021,"Bank Indonesia Regulation No. 23/6/PBI/2021
Article 19 and Article 20 of the regulation stipulate that for Non-Bank Institutions applying for a Payment Service Provider (PJP) license, at least 15% of the shares must be owned by Indonesian citizens or Indonesian legal entities (Article 19).  Furthermore, at least 51% of the voting rights must be held by domestic parties (Indonesian citizens or legal entities) (Article 20).  The regulation also allows Bank Indonesia to set further policies regarding ownership composition, considering factors like materiality and national interest. 
","Since July 2021
",https://peraturan.bpk.go.id/Details/219348/peraturan-bi-no-236pbi2021,https://peraturan.bpk.go.id/Details/227369/peraturan-ojk-no-10pojk052022-tahun-2022,,,
12,12.5,Low De Minimis,0.50,"Regulation of the Minister of Finance of the Republic of Indonesia No.4 concerning the Second Amendment to Minister of Finance Regulation Number 96 of 2023 on Customs, Excise, and Tax Provisions on the Import and Export of Consigned Goods 2025
;
Director General Customs and Excise Regulation No.2 2020","The Ministry of Finance Regulation No.199/2019 as replaced by Ministry of Finance Regulation No. 96/2023, last amended by Ministry of Finance Regulation No. 04/2025 regulate that Indonesia's de minimis rule is 3 USD or equivalent to approximately 2 SDRs per shipment/consignment.
","Since June 2025
;
Since January 2020
",https://jdih.kemenkeu.go.id/dok/pmk-4-tahun-2025?utm_source=chatgpt.com,https://peraturan.beacukai.go.id/index.html?page=detail/jenis/13/1023/peraturan-dirjen-bea-cukai/per-02-bc-2020/petunjuk-pelaksanaan-impor-barang-kiriman.html,,,
12,12.6,Domain name requirements,0,Regulation on Domain Name Management No.23 2013 ,"Under the Regulation No. 23 of 2013, Indoesia Internet Domain Name Registry (PANDI) has overseen the registration of .id domain. 
Article 39 
1.State institutions and State-owned enterprises must use Indonesian Top-Level Domains.
2. Businesses and organizations domiciled in Indonesia with non-Indonesian Top-Level Domains must prioritize using Indonesian Top-Level Domains.
3. Foreign companies operating in Indonesia with electronic systems and non-Indonesian Top-Level Domains must also prioritize using Indonesian Top-Level Domains.
4. Users may manage subdomains as needed in compliance with laws and regulations.",Since October 2013,https://pandi.id/public/files/2024/2/a-pm-232013-pengelolaan-nama-domain-1709175239.pdf,,,,
12,12.6,Domain name requirements,0.50,Domain Name Registration Policy Version 9 No.002/K/DNP/Policy of Domain Name Registration/IX/2024/PANDI-Publik 2024,"Second Level Indonesian Domain name applied, and divided according to the allocation categories, that include: .co.id (Clause 8.1) is allocated for legal or business entities operating within Indonesia. To register this domain, entities must provide a Business Identity Number (NIB) and valid identification such as a KTP-el or Passport. For brand-related registrations, a Brand Certificate or Power of Attorney from the brand holder is required.

Additionally, Clause 9 providing that document requirements of domain name registration include identity document and legality document (a copy of incorporation document of an institution/legal entity/business entity issued by the official institution of the Republic of Indonesia, according to the allocation of Domain Name). ",Since September 2024,"https://pandi.id/public/files/2024/10/kebijakan-pendaftaran-nama-domain-versi-9-0-bilingual-new-1729151599.pdf;

https://pandi.id/en/regulasi",,,,
12,12.6,Domain name requirements,0.50,"Domain Name Registration Policy Version 9 No.002/K/DNP/Policy of Domain
Name Registration/IX/2024/PANDI-
Publik 2024","Second Level Indonesian Domain name applied, and divided according to the allocation categories, that include: .net.id (Clause 8.2) is designated for entities involved in telecommunications, such as Internet Service Providers (ISP), Telcos, or mobile operators. These entities must meet the specific requirements set by the relevant Special Registrar, indicating the need for a local presence in Indonesia.

Additionally, Clause 9 providing that document requirements of domain name registration include identity document and legality document (a copy of incorporation document of an institution/legal entity/business entity issued by the official institution of the Republic of Indonesia, according to the allocation of Domain Name). ",Since September 2024,"https://pandi.id/public/files/2024/10/kebijakan-pendaftaran-nama-domain-versi-9-0-bilingual-new-1729151599.pdf;

https://pandi.id/en/regulasi",,,,
12,12.6,Domain name requirements,0.50,"Domain Name Registration Policy Version 9 No.002/K/DNP/Policy of Domain
Name Registration/IX/2024/PANDI-
Publik 2024","Second Level Indonesian Domain name applied, and divided according to the allocation categories, that include: .biz.id (Clause 8.8) is intended for small and medium enterprises (UMKM) in Indonesia. To register this domain, the business entity must demonstrate its status as an UMKM, meeting the local requirements and regulations set for this category.

Additionally, Clause 9 providing that document requirements of domain name registration include identity document and legality document (a copy of incorporation document of an institution/legal entity/business entity issued by the official institution of the Republic of Indonesia, according to the allocation of Domain Name). ",Since September 2024,"https://pandi.id/public/files/2024/10/kebijakan-pendaftaran-nama-domain-versi-9-0-bilingual-new-1729151599.pdf;

https://pandi.id/en/regulasi",,,,
12,12.6,Domain name requirements,0,Regulation of the Government of the Republic of Indonesia No.80 on Trading Through the Electronic System (E-commerce Law) 2019,"There is no explicit mandate in Indonesian law or regulations requiring the use of a .id domain name for foreign or domestic e-commerce businesses. However, the Government Regulation No.80/2019 encourages its use as part of creating a local digital presence.

Under the Regulation No.80/2019, e-commerce law states that subject to certain thresholds, foreign business actors that actively conduct e-commerce activities with consumers in Indonesia are deemed as physically present in Indonesia and conducting fixed business activities in Indonesia. These thresholds are related to (i) number of transactions, (ii) transaction value, (iii) number of shipped packages, and/or (iv) volume of traffic or number of users. A foreign business actor that meets any of the thresholds must appoint an Indonesian representative that can act on its behalf.

The regulation includes provisions related to the use of local domain names. Specifically, Article 21 of Government Regulation No. 80 of 2019 mandates the prioritization of using Indonesia’s top-level domain name ("".id"") for Electronic Systems in the form of websites. It also establishes sanctions for violations of this obligation, which may include: written warnings; inclusion in the priority monitoring list; inclusion in the blacklist; temporary blocking of domestic and/or foreign PPMSE services by the relevant authorized agency; and/or revocation of business licenses. 

Article 7 specifies that foreign electronic system operators that meet certain criteria (such as transaction volume or user base) are considered to have a physical presence in Indonesia. These operators are required to appoint a local representative who can act on their behalf within the country.The specific criteria for foreign PPMSEs, as referred to in Article 18 of Minister of Trade Regulation No. 31 of 2023, include: (a) having conducted transactions with at least 1,000 consumers within a one-year period; (b) having delivered at least 1,000 packages to consumers within a one-year period; and/or (c) having at least 1% of domestic internet users accessing their platform within a one-year period.","Since September 2023
;
Since November 2019",https://peraturan.bpk.go.id/Details/265202/permendag-no-31-tahun-2023,https://peraturan.bpk.go.id/Details/126143/pp-no-80-tahun-2019,,,
12,12.6,Domain name requirements,0,"Regulation of the Minister of Communication and Informatics of the Republic of Indonesia No.5 on Private Electronic System Operators 2020
;
Minister of Communication and Informatics Regulation No. 10 on the Amendment to Minister of Communication and Informatics Regulation No. 5 of 2020 on Private Electronic System Operators 2021","According Minister of Communication and InformaticsRegulation No. 5 of 2020, e-commerce platforms and digital service providers are encouraged to use Indonesian top-level domain names (TLDs), such as .id, as part of their registration and compliance with local regulations. Article 2 indicates that businesses operating electronic systems in Indonesia must ensure they are registered and comply with local guidelines, which include the registration of a local domain name when operating locally.
","Since November 2020, last amended in May 2021
;
Since May 2021",https://peraturan.bpk.go.id/Details/203049/permenkominfo-no-5-tahun-2020,https://peraturan.bpk.go.id/Details/203121/permenkominfo-no-10-tahun-2021,,,
12,12.7,Local presence requirements for online service providers,1,"Regulation of the Minister of Trade No.31 on Business Licensing, Advertising, Guidance and Supervision of Business Actors in Trading Through Electronic Systems 2023","Ministry of Trade Regulation No. 31 of 2023
Foreign e-commerce platforms must comply with certain operational requirements. For instance, under the Ministry of Trade Regulation No. 31 of 2023, foreign e-commerce operators that meet specific criteria, such as transacting with at least 1,000 consumers or delivering at least 1,000 packages annually, must establish a representative office in Indonesia. Additionally, if a foreign platform's traffic constitutes at least 1% of total local internet traffic, they are also required to set up a representative office.

Article 18
(1) Foreign e-commerce operators (PPMSE) that meet certain criteria must appoint a representative located within the jurisdiction of the Republic of Indonesia.
(2) The specific criteria for foreign PPMSE include:
- Having transacted with at least 1,000 consumers within a one-year period.
- Having delivered at least 1,000 packages to consumers within a one-year period.
- Having a traffic or user base that constitutes at least 1% of the total domestic internet users within a one-year period.",Since September 2023,https://peraturan.bpk.go.id/Details/265202/permendag-no-31-tahun-2023,,,,
12,12.7,Local presence requirements for online service providers,1,"Regulation of the Government of the Republic of Indonesia No.71 on the Provision of Electronic System and Transaction 2019
;
Regulation of the Minister of Communication and Informatics of the Republic of Indonesia No.5 on Private Electronic System Operators 2020","The Minister of Communication and Informatics Regulation No. 5 of 2020, as amended by the The Minister of Communication and Informatics Regulation No. 10 of 2021 on Private Electronic System Operators mandates foreign Private Electronic System Operators (ESOs) to register their businesses to the relevant ministry through the online single submission system. ESOs should also appoint liaison officers, who have to be domiciled in Indonesia. The duty of the liaison officer is to facilitate any access request by government authorities and takedown request. According to the regulation, ESOs are persons, business entities, or communities that operate an electronic system. ESOs include electronic system operators that are supervised by ministers or institutions in accordance with laws and regulations, and electronic system operators that have an online portal, site, or application through the internet. The requirement was first enacted with the Government Regulation No. 71/2019 regarding the Provision of Electronic System and Transaction.

For foreign electronic system operators, Article 4 (MOCI 5/2020) outlines that they must register if they provide services in Indonesia, conduct business in Indonesia, or have systems used or offered in Indonesia. This implies a need for some form of local presence, but it does not specify the requirement for a physical office or other commercial presence beyond registration.","Since October 2019
;
Since November 2020, last amended in May 2021",https://peraturan.bpk.go.id/Details/122030/pp-no-71-tahun-2019,https://peraturan.bpk.go.id/Details/203049/permenkominfo-no-5-tahun-2020,https://peraturan.bpk.go.id/Details/203121/permenkominfo-no-10-tahun-2021,,
12,12.7,Local presence requirements for online service providers,1,"Regulation of the Minister of Communication and Informatics of the Republic of Indonesia No.5 on Private Electronic System Operators 2020;

Minister of Communication and Informatics Regulation No. 10 on the Amendment to Minister of Communication and Informatics Regulation No. 5 of 2020 on Private Electronic System Operators 2021






","Digital service providers such as social media platforms, electronic commerce providers, and over-the-top (OTT) media services are required to register with the Ministry of Communication and Information under Article 2 of MOCI 5/2020. Additionally, these entities must establish a representative office in Indonesia.

For foreign electronic system operators, Article 4 (MOCI 5/2020) outlines that they must register if they provide services in Indonesia, conduct business in Indonesia, or have systems used or offered in Indonesia. This implies a need for some form of local presence, but it does not specify the requirement for a physical office or other commercial presence beyond registration.

While MOCI Regulation No. 5/2020 required foreign PSEs to register and implied the need for a local presence, Regulation No. 10/2021 did not explicitly mandate the establishment of a physical representative office in Indonesia. Instead, the focus is now on mandatory registration with the Ministry of Communication and Informatics (Kominfo) through the OSS RBA system and compliance with Indonesian laws, such as content moderation and taxation. There is no explicit requirement for a physical office or representative office in Indonesia under the updated regulations.

Note that Minister of Communication and Informatics Regulation No. 5/2020, last amended by the Indonesia Minister of Communication and Informatics Regulation No. 10/2021.","Since November 2020, last amended in May 2021
;
Since May 2021",https://peraturan.bpk.go.id/Details/203049/permenkominfo-no-5-tahun-2020,https://peraturan.bpk.go.id/Details/203121/permenkominfo-no-10-tahun-2021,,,
12,12.8,Lack of legal framework for online consumer protection,0,Law No.8 on Consumer Protection 1999,"Indonesia's Consumer Protection Law No. 8 is a comprehensive framework aimed at protecting consumer rights, ensuring transparency, and mandating the safety and quality of goods and services in electronic commerce. However, it does not raise specific e-commerce or distance sales issues. The Law forms the foundation of consumer protection in Indonesia.
- Article 4 enumerates consumer rights, including the right to safety, accurate information, and compensation for damages.
- Article 7 imposes obligations on businesses to provide clear, truthful information about goods/services and to guarantee their safety.
- Article 8 prohibits businesses from offering goods/services that fail to meet safety, quality, or labeling standards.

It is important to note that the Consumer Protection Law is the legal basis for the implementation of consumer protection in Indonesia, although it does not specifically regulate online consumer protection.

",Since 2000,https://www.aseanconsumer.org/file/pdf_file/04%20Law-No.-8-Concerning-Consumer-Protection.pdf,,,,
12,12.8,Lack of legal framework for online consumer protection,0,"Law No.11 on Information and Electronic Transactions 2008
;
Law No.19 on Amendments to Law No.11 of 2008 on Electronic Information and Transactions 2016
;
Law No.1 on the Second Amendment to Law No. 11 of 2008 on Electronic Information and Transactions 2024","Law (Law) No. 19 of 2016, Amendments to Law Number 11 of 2008 concerning Information and Electronic Transactions addresses digital and electronic transactions:
- Article 9 ensures consumer protection in electronic contracts, mandating transparency and clarity in terms and conditions.
- Article 18 governs the validity of electronic contracts, emphasizing fairness and requiring accessibility to contract information by consumers.

Moreover, the mechanism for regulating electronic contracts can also be found in Chapter X of Government Regulation No. 80 of 2019.","Since April 2008, last amended in January 2024
;
Since November 2016
;
Since January 2024",https://peraturan.bpk.go.id/Details/37589/uu-no-11-tahun-2008,https://peraturan.bpk.go.id/Details/37582/uu-no-19-tahun-2016,https://peraturan.bpk.go.id/Details/274494/uu-no-1-tahun-2024,,
12,12.8,Lack of legal framework for online consumer protection,0,Regulation of the Government of the Republic of Indonesia No.80 on Trading Through the Electronic System (E-commerce Law) 2019,"Government Regulation No. 80 of 2019 explicitly stipulates that foreign Electronic System Operators in Trade (PPMSE) that meet certain criteria are deemed to have a physical presence in Indonesia and are therefore required to appoint a representative domiciled in Indonesia:
●	The obligation to provide consumer complaint services is stipulated in Article 27. 
●	The obligation to display clear and accurate product information is regulated in Article 13.
●	Article 53 states that an electronic contract must include information on the procedure for returning goods and/or services in case of any discrepancies between what was received and what was agreed upon. However, the mechanism that is explicitly detailed pertains to the refund process, as outlined in Article 71.
●	Article 32 relates to Electronic Advertising, the provisions concerning consumer rights in Electronic System-Based Trading (PPMSE) are found in Article 26. This article requires Business Actors to protect consumer rights in accordance with the prevailing laws and regulations on consumer protection;
●	One of the key consumer rights under the Consumer Protection Law (UUPK) is the right to receive compensation, reimbursement, and/or replacement if the goods and/or services received do not match the agreement or are not delivered as promised.

In addition, PPMSE conducting business activities in the context of electronic commerce (PMSE) are obligated to comply with business licensing requirements in accordance with the prevailing laws and regulations.

Furthermore, Minister of Trade Regulation No. 31 of 2023 serves as a regulatory framework for the governance of PMSE, aiming to establish a healthy digital trade ecosystem and ensure consumer protection, while taking into account the ever-evolving nature of PMSE business models.

It is important to note that Regulation 31/2023 does not stand alone, but rather refers to and aligns with other relevant laws and regulations, including those governing goods distribution, electronic system operators, and others.","Since November 2019
",https://peraturan.bpk.go.id/Details/126143/pp-no-80-tahun-2019,,,,
12,12.8,Lack of legal framework for online consumer protection,0,"Regulation of the Minister of Trade No.31 on Business Licensing, Advertising, Guidance and Supervision of Business Actors in Trading Through Electronic Systems 2023","The Regulation of the Minister of Trade No.50/2020 is no longer valid, replaced by Regulation of the Minister of Trade Number 31 of 2023 concerning Business Licensing, Advertising, Guidance and Supervision of Business Actors in Trading Through Electronic Systems. 

Advertising is regulated in Chapter IV Electronic Advertising (articles 23-31). The obligation to have a complaint service is regulated in Article 9.
",Since September 2023,https://peraturan.bpk.go.id/Details/265202/permendag-no-31-tahun-2023,,,,
12,12.8,Lack of legal framework for online consumer protection,0,Regulation of the Government of the Republic of Indonesia No.71 on the Provision of Electronic System and Transaction 2019,"GR 71 of 2019 on Electronic Systems contains Data Protection Provisions
- Article 14 protects personal data, requiring consumer consent for collection, processing, and usage.
- Article 28 mandates service providers to notify consumers in case of data breaches affecting their information.
",Since October 2019,https://peraturan.bpk.go.id/Details/122030/pp-no-71-tahun-2019,,,,
12,12.9,Not in the United Nations Convention of Electronic Communications,1,Lack of signature of the UN Convention on Electronic Communications,Indonesia did not sign the United Nations Convention on the Use of Electronic Communications in International Contracts.,"Last reviewed in November 2024

",https://uncitral.un.org/en/texts/ecommerce/modellaw/electronic_commerce/status,,,,
12,12.10,Not in the UNCITRAL Model Law on Electronic Commerce,0.50,UNCITRAL Model Law on Electronic Signatures,"Indonesia has not notified its adoption of the UNCITRAL Model Law on Electronic Commerce to the UNCITRAL Secretariat. However, it has already reflected some main principles in relevant legislations","Last reviewed in November 2024

",https://uncitral.un.org/en/texts/ecommerce/modellaw/electronic_signatures/status,,,,
12,12.11,Not in the UNCITRAL Model Law on Electronic Signatures,0.50,Lack of adoption of the UNCITRAL Model Law on Electronic Signature,"Indonesia has not notified its adoption of the UNCITRAL Model Law on Electronic Signatures to the UNCITRAL Secretariat. However, it has already reflected some main principles in relevant legislations","Last reviewed in November 2024

",https://uncitral.un.org/en/texts/ecommerce/modellaw/electronic_transferable_records/status,,,,
,,,,,,,,,,Overall RDTII score,0.574
