Chapter,Question,Question: description,Individual Indicator Score,Source Legislation,Impact,Timeframe for Indicator,References,"References, 2","References, 3","References, 4",Overall Pillar Score,
1,1.1,Weighted average of effective tariff rates applied on ICT goods imported from other Asia-Pacific economies (%),0.13,Effectively applied tariffs on ICT goods (in weighted average) imported from other economies within the considered United Nations region (%),1.3,"Since 2022
",http://wits.worldbank.org/WITS/,,,,0.160,
1,1.2,Percentage of none duty-free tariff lines on ICT goods imported from other Asia-Pacific economies (%),0.06925,No duty-free tariff lines on ICT goods from other economies within the considered United Nations region (%),67.23,"Since 2022
",http://wits.worldbank.org/WITS/,,,,,
1,1.3,Not a signatory to the WTO ITA I and ITA II,0.50,Lack of participation in ITA Expansion Agreement (ITA II),"As part of its WTO accession commitments package, Kazakhstan agreed to join the Information Technology Agreement (ITA) upon its accession to the WTO in 2015. Thus, Part I, Section II of Kazakhstan's Schedule of Concessions and Commitments on Goods contains its commitment to reducing to zero within two years after its accession to the WTO, through equal annual reductions, the customs duty rates for products covered by the ITA contained in the Ministerial Declaration on Trade in Information Technology Products of 13 December 1996 (ITA I). Kazakhstan has not joined/implemented ITA II.",Since 2015,https://docs.wto.org/dol2fe/Pages/SS/directdoc.aspx?filename=q:/WT/ACC/KAZ93A1-02.pdf&Open=True,https://docs.wto.org/dol2fe/Pages/SS/directdoc.aspx?filename=q:/WT/ACC/KAZ93.pdf&Open=True,,,,
1,1.4,"Imposing trade defence measures (anti-dumping, countervailing duties and safeguards) on ICT-related products imported by other Asia-Pacific economies",0.25,"Decision of the EEC Board No. 115 : On the application of an anti-dumping measure by imposing an anti-dumping duty on aluminum tapes coming from the Republic of Azerbaijan and the People's Republic of China and imported into the customs territory of the Eurasian Economic Union (О применении антидемпинговой меры посредством введения антидемпинговой пошлины в отношении алюминиевой ленты, происходящей из Азербайджанской Республики и Китайской Народной Республики и ввозимой на таможенную территорию Евразийского экономического союза)","The trade defence measures, including antidumping, countervailing and safeguard measures in force in Kazakhstan do not currently apply to ICT products. Since October 2020, the Eurasian Economic Commission has introduced an anti-dumping measure against aluminum alloy strips (760611) from Azerbaijan and China.","Since October 2020, as amended in August 2024",https://remedies.eaeunion.org/dimd/ru/security/actions/card/65f1a956b672cc55b9acf71c ,https://docs.eaeunion.org/docs/ru-ru/01527359/err_24092020_115,,,,
2,2.1,Foreign exclusions from public procurement related to ICT goods and digital services,0,"Law No. 434-V on Public Procurement (Қазақстан Республикасының Заңы 2015 жылғы 4 желтоқсандағы № 434-V ҚРЗ) 2016 as last amended by Law No. 223-VII, 2023","According to Article 14 of Law No. 434-V on Public Procurement of Kazakhstan, national treatment is granted to foreign goods, works, and services in public procurement under the conditions specified by international treaties ratified by Kazakhstan. The Government of Kazakhstan retains the authority to establish temporary exemptions from national treatment for up to two years in order to protect the domestic market, ensure national security, or promote domestic economic development. If adopted, these exemptions could impact foreign enterprises' participation in public procurement. However, to date, the exemption has not been observed in public procurement related to ICT goods and digital services.","Since January 2016, last amended in June 2024",https://adilet.zan.kz/kaz/docs/Z1500000434/info,http://adilet.zan.kz/eng/docs/Z1500000434,,,0.600,
2,2.2,"Specific requirements on source codes, encryption and trade secrets ",1,"Law No. 418-V ZRK on Informatization (Об информатизации) 2015 as last amended by Law No. 71-VIII, 2024;

Order of the Minister of Defense and Aerospace Industry of the Republic of Kazakhstan No. 53/НК on approval of the Rules for the formation and maintenance of a register of trusted software and electronics industry products, as well as criteria for including software and electronics industry products in the register of trusted software and electronics industry products 2018 (Қазақстан Республикасының Қорғаныс және аэроғарыш өнеркәсібі министрінің 2018 жылғы 28 наурыздағы № 53/НҚ бұйрығы. Қазақстан Республикасының Әділет министрлігінде 2018 жылғы 12 сәуірде № 16750 болып тіркелді.)","According to Article 7(6) of the Informatization Law, the central executive body carrying out state regulation in the field of electronic industry orders the creation of a unified register of trusted software and electronic products. 

According to Article 54(3)(1), for the purposes of state security, only such approved software may be used for public procurement, as well as for critical objects of state and private information and communication infrastructures, including telecommunication infrastructures. To become part of the register, the software applicant must transfer: (i) source program codes for accounting and storage; (ii) source program codes (if any) and; (iii) a set of configurations for the licensed software of ""e-government"" information technology objects, as stated paragraphs 10, 11, 12 and 13 of the Order of the Minister of Defense and Aerospace Industry of the Republic of Kazakhstan No. 53/НК (Rules for the formation and maintenance of a register of trusted products of the electronics and software industry, as well as the criteria for including products of the electronics industry and trusted software in the register of trusted products of the electronics and software industry).","Since November 2015, last amended in June 2024;

Since March 2018",https://adilet.zan.kz/rus/docs/Z1500000418,https://adilet.zan.kz/rus/docs/V1800016750,,,,
2,2.2,"Specific requirements on source codes, encryption and trade secrets ",0,"Law No. 434-V on Public Procurement (Қазақстан Республикасының Заңы 2015 жылғы 4 желтоқсандағы № 434-V ҚРЗ) 2016  as amended by Law No. 223-VII, 2023","According to Article 4(4) of the Law No. 434-V on Public Procurement, the need to respect trade secrets during the public procurement process is emphazised, stating that public procurement must comply with the legal rights of suppliers to their trade secrets until the results are finalized. Furthermore, there is no direct mention of mandatory surrender of source code, encryption, or trade secrets as a condition for public procurement.","Since January 2016, last amended in June 2024",https://adilet.zan.kz/kaz/docs/Z1500000434/info,http://adilet.zan.kz/eng/docs/Z1500000434,,,,
2,2.3,Limitations in procurement bidding,1,"Law No. 434-V on Public Procurement (Қазақстан Республикасының Заңы 2015 жылғы 4 желтоқсандағы № 434-V ҚРЗ) 2016 as last amended by Law No. 223-VII, 2023","According to Article 14 of the Law on Public Procurement, with regard to the goods originating in foreign countries and works, services, respectively performed by foreign potential suppliers, the national treatment will be applied only in cases and upon conditions stipulated by international treaties ratified by Kazakhstan.  The Law prescribes that the Government of Kazakhstan shall have the right to establish exemptions from the national treatment for a period not exceeding two years in order to protect the foundations of the constitutional system, ensure the country's defense and national security, protect the domestic market, develop the national economy and support domestic producers.
","Since January 2016, last amended in June 2024",https://adilet.zan.kz/kaz/docs/Z1500000434/info,http://adilet.zan.kz/eng/docs/Z1500000434,,,,
2,2.3,Limitations in procurement bidding,0,"Law No. 434-V on Public Procurement (Қазақстан Республикасының Заңы 2015 жылғы 4 желтоқсандағы № 434-V ҚРЗ) 2016 as last amended by Law of  No. 223-VII, 2023",Article 39(3) of the Law on Public Procurement provides that with regard to purchase of periodicals on electronic carriers as well as purchase of information provision services by international and (or) foreign information organizations can be carried out through single source method whereby the government decides on the supplier not through a tender process but an ad hoc decision. This is allowed to take place when a tender fails to lead to the conclusion of a public procurement contract. The decisions on single-sourcing may not be transparent nor competitive and could provide opportunities for corruption practices where only the companies known to the contracting authorities will be the successful ones. ,"Since January 2016, last amended in June 2024",https://adilet.zan.kz/kaz/docs/Z1500000434/info,http://adilet.zan.kz/eng/docs/Z1500000434,,,,
2,2.4,"Not in the WTO Government Procurement Agreement (GPA) and not fully covered the three most relevant services sectors (CPC752, 754, 84)",1,WTO Government Procurement Agreement (GPA),"Upon its accession to the WTO in 2015, Kazakhstan confirmed its intention to join the GPA and agreed to table and submit its offer to GPA Committee within four years of accession. Kazakhstan is currently an observer to the WTO Agreement on Government Procurement and continues negotiating the terms of its accession.",Since 2016,https://www.wto.org/english/tratop_e/gproc_e/memobs_e.htm,https://docs.wto.org/dol2fe/Pages/SS/directdoc.aspx?filename=q:/WT/ACC/KAZ93.pdf&Open=True,,,,
3,3.1,"Foreign equity limits in sectors relevant to digital trade 
Exception: Not cover foreign equity cap in telecom sector (covered under Pillar 5) and e-commerce sector (covered under Pillar 12)",0.80,"Government Resolution No.13 on Certain Matters Pertaining to the Implementation of State Support of Investments, 2016 (Қазақстан Республикасы Үкіметінің 2016 жылғы 14 қаңтардағы № 13 қаулысы) ; 

Law No. 451-Ion Mass Media, 1999 (Қазақстан Республикасының 1999 жылғы 23 шілдедегі N 451 Заңы. Күші жойылды - Қазақстан Республикасының 2024 жылғы 19 маусымдағы № 93-VIII ҚРЗ Заңымен)","According to Government Resolution No.13 dated 14 January 2016 on Certain Matters Pertaining to the Implementation of State Support of Investments, production of digital goods such as computers, electronic and optical products is identified as a priority area for implementation of foreign investment projects, among others and are therefore subject to investment preferences. However, certain restrictions still exist in sectors related to digital economy. 

For instance, in accordance with Article 5 of the Law on Mass Media, foreigners and foreign legal entities as well as stateless persons cannot directly and (or) indirectly own, use, dispose and (or) manage more than 20 percent of the shares of a legal entity which is the owner of a mass media organization in Kazakhstan or carries out activities in this area, including online mass media. This requirement does not apply to internet resources intended for electronic commerce.","Since January 2016, last amended in May 2024 ; 

Since July 1999, last amended in August 2024",https://adilet.zan.kz/kaz/docs/P1600000013,https://adilet.zan.kz/kaz/docs/Z990000451_,http://adilet.zan.kz/eng/docs/P1600000013,http://adilet.zan.kz/eng/docs/Z990000451_,0.360,
3,3.2,Joint venture requirements,0,"Entrepeneur Code No.375-V LRK, 2015 (Қазақстан Республикасының Кодексі 2015 жылғы 29 қазандағы № 375-V ҚРЗ)",The requirements regarding joint ventures exist only in the oil and gas sector and do not apply to sectors relevant to digital economy.,"Since January 2016, last amended in August 2024",https://adilet.zan.kz/kaz/docs/K1500000375,https://adilet.zan.kz/eng/docs/K1500000375,,,,
3,3.3,Nationality or residency requirements for board of directors or managers,0,"Decree of the Supreme Council No.268-ХIII on the Civil Code, 1994 (Қазақстан Республикасының Кодексі 1994 жылғы 27 желтоқсандағы № 268-ХIII) ;

Law No. 2198 on State Registration of Legal Entities and Record Registration of Branches and Representatives 1995 (Қазақстан Республикасының 1995 жылғы 17 сәуiрдегі N 2198 Заңы);

Labour Code No.414-V, 2017 (Қазақстан Республикасының Кодексі 2015 жылғы 23 қарашадағы № 414-V ҚРЗ)","According to Article 3(7) of the Civil Code, foreign individuals and legal entities have the right to acquire the same rights and they shall be obliged to fulfill the same obligations which are provided for by civil legislation for citizens and domestic legal entities, unless otherwise stipulated by the legislative acts. 

No restrictions exist with regard to citizenship or residency of members of the board of directors of a company in accordance with the Law on State Registration of Legal Entities. 

However, according to Article 32 of the Labour Code No.414-V following the employment legislation, foreigners must obtain work permit unless the legislation provides exemptions, as in the case of foreign heads of branches and representative offices of foreign companies.","Since December 1994, last amended in July 2024 ; 

Since April 1995, last amended in August 2024;

Since January 2016, last amended in July 2024 2017",https://adilet.zan.kz/kaz/docs/K940001000_,https://adilet.zan.kz/kaz/docs/Z950002198_,https://adilet.zan.kz/kaz/docs/K1500000414,,,
3,3.4,"Screening of investment and acquisitions
Exception: Anti-trust measures related to M&A are not considered a restriction, unless discriminatory. ",0.25,"Entrepeneur Code No.375-V LRK, 2015 (Қазақстан Республикасының Кодексі 2015 жылғы 29 қазандағы № 375-V ҚРЗ) ;

Law on  National Security No.527-IV, 2012 (Қазақстан Республикасының 2012 жылғы 6 қаңтардағы № 527-IV Заңы)","Pursuant to Article 275(2) of the Entrepreneur Code, foreign investment activities in certain areas and/or territories can be limited or banned by Kazakh law due to national security considerations.

According to Article 22 of the Law No. 527-IV on National Security, foreign investments in strategic sectors or in the use of strategic resources are subject to screening and restrictions due to national security considerations. This article explicitly mentions the need for national security interests to be considered at the stage of concluding contracts for the use of the Republic's strategic resources. Moreover, Article 22(3) requires monitoring of economic facilities owned or managed by foreign organizations to safeguard national economic security, ensuring that foreign investment activities do not harm the national interest. The state retains the right to block or restrict transactions involving strategic resources if such transactions are deemed a risk to national security. Additionally, Article 22(4) provides the state with the authority to deny permits for the transfer of subsoil use rights or shares in companies that hold such rights, further emphasizing control over strategic resources and the protection of national interests.

The National Security Law takes a broad definition of national security by encompassing “economic security"" and “public security"". Although not explicitly discriminatory, these provisions allow the State to bar the acquisition by foreigners of strategic objects, including the participation of foreign investors in the privatisation of certain assets. ","Since January 2016, last amended in August 2024 ;

Since January 2012, last amended in December 2023","https://adilet.zan.kz/kaz/docs/K1500000375;

https://adilet.zan.kz/eng/docs/K1500000375","https://adilet.zan.kz/kaz/docs/Z1200000527;

https://adilet.zan.kz/eng/docs/Z1200000527",,,,
3,3.4,"Screening of investment and acquisitions
Exception: Anti-trust measures related to M&A are not considered a restriction, unless discriminatory. ",0.25,"Decree of the Supreme Council No.268-ХIII on the Civil Code, 1994 (Қазақстан Республикасының Кодексі 1994 жылғы 27 желтоқсандағы № 268-ХIII);

Law No. 413-IV on State property, 2011 (Қазақстан Республикасының 2011 жылғы 1 наурыздағы N 413-IV Заңы)","Article 193-1 of Kazakhstan's Civil Code defines ""strategic facilities"" as assets vital to the nation's socio-economic stability and national security. These include critical infrastructure such as main railway networks, pipelines, national electrical grids, communication lines, and facilities related to television, radio broadcasting, and nuclear energy. The article stipulates that any encumbrance or alienation (transfer of ownership) of these strategic facilities requires prior approval from the Government of Kazakhstan, as outlined in the country's state property legislation. Additionally, if a private entity intends to sell a strategic facility, the Republic of Kazakhstan holds a preemptive right to purchase it under terms specified by state property laws. Transactions conducted without adhering to these requirements are deemed null and void.

According to Article 188 of Kazakhstan's Law on State Property, to proceed with any transfer or encumbrance of strategic facilities, the owner or holder of rights must submit a formal application to the appropriate state authority. This application requires an extensive array of documentation, including proof of ownership, a certified valuation of the facility, and crucially, comprehensive details on the intended acquirer, including final beneficiaries. 

Decisions to approve or deny applications for alienation or encumbrance rest with the government itself, which is legally allotted up to forty-five working days to consider each case in detail. This centralized decision-making process provides a clear pathway for authorities to assess whether potential transfers align with the country's interests, ensuring that facilities of national significance, especially those involved in digital trade infrastructure like communications or broadcast networks, remain under acceptable influence. In cases where conditions change within the transfer process, the owner must reapply, allowing the state to reassess any evolving circumstances and safeguard against unintended control shifts.

Once a decision is reached, the government communicates its stance to the applicant, and this decision holds considerable legal weight. Furthermore, a state body conducts continuous monitoring of transactions involving these strategic assets, upholding a constant layer of supervision that ensures adherence to Kazakhstan's broader objectives.

This regulatory framework directly impacts foreign investment in sectors relevant to digital trade. Many strategic facilities, such as communication lines and broadcasting systems, are integral to digital trade infrastructure. The necessity for government approval and the state's preemptive acquisition rights introduce a screening mechanism for foreign investments and mergers and acquisitions (M&A) in these sectors.

","Since December 1994, last amended in July 2024;

Since February 2011, last amended in June 2024","https://adilet.zan.kz/kaz/docs/K940001000_;

https://adilet.zan.kz/eng/docs/K940001000_","https://adilet.zan.kz/kaz/docs/Z1100000413;

https://adilet.zan.kz/eng/docs/Z1100000413",,,,
3,3.5,Commercial presence requirements to offer cross-border services in sectors relevant to digital trade,0,"Law No. 544 On regulation of trading activities, 2004 (Қазақстан Республикасының 2004 жылғы 12 сәуірдегі N 544 Заңы) ;

Order No.264 On approval of the rules of domestic trade, 2015 (Қазақстан Республикасы Ұлттық экономика министрінің м.а. 2015 жылғы 27 наурыздағы № 264 бұйрығы);

Order No.4 On approval of the notification templates and the rules for submission of notifications by state authorities, 2015 (Қазақстан Республикасы Ұлттық экономика министрінің 2015 жылғы 6 қаңтардағы № 4 бұйрығы)",Regulations in Kazakhstan do not directly mandate that a foreign company must have a commercial presence or act through a local intermediary,"Since April 2004, last amended in August 2024; 

Since March 2015, last amended in July 2024;

Since January 2015, last amended in March 2024 ",https://adilet.zan.kz/kaz/docs/Z040000544_,https://adilet.zan.kz/kaz/docs/V1500011148,https://adilet.zan.kz/kaz/docs/V1500010194/info,,,
4,4.1,Patent application issues,1,"Law No. 427 on Patent, 1999 (Қазақстан Республикасының 1999 жылғы 16 шілдедегі N 427 Заңы)","According to Article 38 of Law no.427 foreign individuals, foreign legal entities and stateless persons residing in the Republic of Kazakhstan enjoy the same rights as the Kazakhstani citizens. 

However, according to Article 36(5), foreign applicants seeking to file for patent protection must operate through registered local patent attorneys. This requirement mandates that individuals or legal entities residing outside of Kazakhstan must designate a patent attorney who is a citizen of Kazakhstan and registered within the national framework to represent them in dealings with the authorized body and expert organization. This introduces a significant procedural distinction between local and foreign applicants, as local applicants are permitted to file directly without the need for such intermediaries.

Also, according to Article 35, a state fee is levied for various actions in the patent application process, including the registration of patent attorneys and the performance of examinations.
","Since July 1999, last amended in August 2022",https://adilet.zan.kz/kaz/docs/Z990000427_,http://adilet.zan.kz/eng/docs/Z990000427_,,,0.210,
4,4.2,"Patent enforcement issues: civil and administrative procedures and remedies, provisional and other measures",0,"Law No. 427 on Patent, 1999 (Қазақстан Республикасының 1999 жылғы 16 шілдедегі N 427 Заңы)","According to Article 22 of Law No. 427, the enforcement of intellectual property rights, particularly patents, includes both civil and administrative procedures. Once a patent application is filed, it undergoes a formal examination to ensure compliance with submission requirements, followed by a substantive examination to assess whether the invention meets legal standards of patentability, such as novelty, inventive step, and industrial applicability. If the expert agency refuses to grant a patent, the applicant has the legal right to appeal the decision before the Appeals Board. 

In Article 15, the law specifies civil enforcement mechanisms for patent infringements. Any unauthorized manufacture, sale, or commercial distribution of products that contain patented technology constitutes an infringement. Patent holders are empowered to take legal action to demand that the infringer cease their activities, compensate for damages, or surrender profits derived from the infringement.

Furthermore, Article 13 of the law incorporates provisional measures to offer legal protection during the period between patent application and formal patent issuance. This allows for interim judicial measures to prevent infringement, including the blocking of infringing goods at customs, before the final decision on the patent is made. ","Since July 1999, last amended in August 2022",https://adilet.zan.kz/kaz/docs/Z990000427_,http://adilet.zan.kz/eng/docs/Z990000427_,,,,
4,4.2,"Patent enforcement issues: civil and administrative procedures and remedies, provisional and other measures",0,"Law No. 427 on Patent, 1999 (Қазақстан Республикасының 1999 жылғы 16 шілдедегі N 427 Заңы)","Under Article 11 of Law No. 427, the government can issue a compulsory non-exclusive license for the use of a patented invention without the patent holder’s consent under certain conditions, such as ensuring national security, public health, or other essential needs. Although the patent holder is notified and compensated, this is a restriction on patent enforcement in specific cases.
","Since July 1999, last amended in August 2022",https://adilet.zan.kz/kaz/docs/Z990000427_,http://adilet.zan.kz/eng/docs/Z990000427_,,,,
4,4.3,Not in the WIPO Copyright Treaty (WCT),0,Patent Cooperation Treaty,Kazakhstan is a member of the Patent Cooperation Treaty (PCT) since 1993.,Since 1993,https://www.wipo.int/pct/en/pct_contracting_states.html#note2,,,,,
4,4.4,Lack of copyright framework and exceptions,0,"Law No. 6 on Copyright and Related Rights, 1996 (Қазақстан Республикасының 1996 жылғы 10 маусымдағы N 6-I Заңы)","Kazakhstan has a copyright regime under Law of the Republic of Kazakhstan No. 6-I of June 10, 1996, on Copyright and Related Rights. Copyright exception related to fair use and fair dealing provisions can be found in Articles 19, 20 and 41 of the Copyright Law of Kazakhstan. 

The exceptions in Kazakhstan’s copyright framework, outlined in Articles 18-27 of the Law No. 427, offer exceptions for specific purposes. These exceptions include the quotation of copyrighted works, in the original language or in translation, for scientific research, criticism, or informational purposes. The reproduction, broadcasting, or communication to the public of architectural, photographic, or fine art works that are permanently located in public spaces is also permitted without the author’s consent or remuneration, provided it is not for commercial use​.

These provisions indicate that Kazakhstan follows a fair dealing approach. The exceptions are specific and confined to well-defined purposes, such as research, criticism, and private study, limiting flexibility in comparison to the broader fair use doctrine. 

","Since June 1996, last amended in August 2024 ",https://adilet.zan.kz/kaz/docs/Z960000006_,http://adilet.zan.kz/eng/docs/Z960000006_ ,,,,
4,4.5,Online copyright enforcement issues: civil and administrative procedures and remedies; and provisional measures,0,"Law No. 6 on Copyright and Related Rights, 1996 (Қазақстан Республикасының 1996 жылғы 10 маусымдағы N 6-I Заңы)","According to Article 16 of Law No. 427, the reproduction, distribution, or public performance of copyrighted works, including through digital platforms, requires the copyright holder’s permission. Any unauthorized use is deemed an infringement, and sanctions can be applied.

Article 49(1) of the Law provides the mechanism for the protection of copyright through civil remedies. This includes:
- Recognition of the rights;
- Suppression of actions that infringe or threaten to infringe the rights;
- Compensation of damages, including lost profits;
- Recovery of the income received by the infringer;
- Payment of compensation in lieu of damages​

Article 49(2) outlines that the court, before considering the case, may independently issue a decision to prohibit the respondent from manufacturing, reproducing, or selling unauthorized copies of copyrighted works. It also allows for the seizure and confiscation of counterfeit goods related to copyright infringement​.

Article 48 further reinforces the protection of copyright by prohibiting unauthorized removal or alteration of rights management information and the reproduction, distribution, or public performance of works without proper authorization, particularly targeting issues related to piracy​

","Since June 1996, last amended in August 2024 ",https://adilet.zan.kz/kaz/docs/Z960000006_,http://adilet.zan.kz/eng/docs/Z960000006_ ,,,,
4,4.6,Not in the WIPO Copyright Treaty (WCT),0,Signature of the WIPO Copyright Treaty,"Signature of the WIPO Copyright Treaty since February 1997, ratification since August 2004 and entry into force since November 2004","Signed in February 1997, ratified since August 2004, entry into force since November 2004",https://wipolex.wipo.int/en/treaties/ShowResults?search_what=C&treaty_id=16,,,,,
4,4.7,Not in the WIPO Performances and Phonographs Treaty (WPPT),0,Signature of the WIPO Performances and Phonograms Treaty,"Signature of the WIPO Performances and Phonograms Treaty since February 1997, ratification since August 2004 and entry into force since November 2004","Signed in February 1997, ratified since August 2004, entry into force since November 2004",https://wipolex.wipo.int/en/treaties/ShowResults?search_what=C&treaty_id=20,,,,,
4,4.8,"Mandatory disclosure of trade secrets, such as source code and algorithms",0,"Decree of the Supreme Council No.268-ХIII on the Civil Code, 1994 (Қазақстан Республикасының Кодексі 1994 жылғы 27 желтоқсандағы № 268-ХIII)","In Kazakhstan, the mandatory disclosure of trade secrets is addressed under the Civil Code.  Article 126 of the Civil Code defines trade secrets as information that has actual or potential commercial value due to its being unknown to third parties, and it must be protected through measures taken by its holder. Article 1017 ensures that trade secrets, including business processes, algorithms, and proprietary information, are safeguarded against unauthorized disclosure.","Since December 1994, last amended in July 2024 

",https://adilet.zan.kz/kaz/docs/K940001000_,https://adilet.zan.kz/eng/docs/K940001000_,,,,
4,4.9,Lack of effective trade secrets legal framework,0.50,"Decree of the Supreme Council No.268-ХIII on the Civil Code, 1994 (Қазақстан Республикасының Кодексі 1994 жылғы 27 желтоқсандағы № 268-ХIII);

Entrepeneur Code No.375-V LRK, 2015 (Қазақстан Республикасының Кодексі 2015 жылғы 29 қазандағы № 375-V ҚРЗ)","Pursuant to Article 126(1) and Article 1017(1) of the Civil Code of the Republic of Kazakhstan, a trade secret comprises valuable information that includes production secrets (know-how), production technology, management model, as well as ways and methods to increase profits. 

In addition, according to Article 28 (Protection of information constituting a trade secret) of the Enterprise Code of the Republic of Kazakhstan, among other provisions, the protection of trade secrets consists in prohibiting the unlawful receipt, distribution or use of information constituting a trade secret in accordance with this Code and the legislation of the Republic of Kazakhstan. This regulatory framework includes remedies and penalties for the disclosure of trade secrets. ","Since December 1994, last amended in July 2024 ;

Since January 2016, last amended in August 2024",https://adilet.zan.kz/kaz/docs/K940001000_,https://adilet.zan.kz/kaz/docs/K1500000375,https://adilet.zan.kz/eng/docs/K940001000_,https://adilet.zan.kz/eng/docs/K1500000375,,
5,5.1,Absence of passive infrastructure sharing,0,"Law No.567 on Communications, 2004 (Қазақстан Республикасының 2004 жылғы 5 шілдедегі N 567 Заңы) ;

Order  No.119 on approval of the Rules of Interconnection and Interoperability of Telecommunication Networks, 2016 (Қазақстан Республикасы Инвестициялар және даму министрінің м.а 2016 жылғы 28 қаңтардағы № 119 бұйрығы. Қазақстан Республикасының Әділет министрлігінде 2016 жылы 29 ақпанда № 13340 болып тіркелді.) ;

Law No.204-VI on Natural Monopolies, 2018 (Қазақстан Республикасының Заңы 2018 жылғы 27 желтоқсандағы № 204-VІ ҚРЗ.)","Article 31-1 of the Law No. 567 mandates that natural monopoly entities providing services related to the leasing or use of cable ducts must offer these services under regulated conditions. Specifically, it states that such entities must ensure access to their infrastructure as a regulated service. This regulation imposes a mandatory obligation for infrastructure sharing, particularly in the context of passive infrastructure like cable ducts, which lowers the costs for new market entrants and supports equitable access to essential facilities​.

Article 24 of the Order No.119  emphasizes the obligation of dominant telecommunications operators to provide interconnection to their networks. It explicitly states that infrastructure elements such as buildings, poles, and antenna mast structures must be made available on a contractual basis. This provision ensures that key infrastructure is accessible to other operators, thus fostering competition and reducing the costs associated with deploying telecom services, particularly in underserved areas​.


","Since April 2004, last amended in August 2024; 

Since October 2016, last amended in June 2023;

Since December 2018, last amended in September 2024 2021",https://adilet.zan.kz/kaz/docs/Z040000567_,https://adilet.zan.kz/kaz/docs/V1600013340,https://adilet.zan.kz/kaz/docs/Z1800000204,,0.480,
5,5.2,Foreign equity limits in telecom sector,0.80,"Law No.527-IV.on National Security, 2012 (Қазақстан Республикасының 2012 жылғы 6 қаңтардағы № 527-IV Заңы.)","Article 23 of Law No. 204-VI restricts foreign ownership in entities that manage or own communications infrastructure. Specifically, foreigners and foreign legal entities cannot directly or indirectly hold more than 49% of the voting shares in companies providing long-distance or international telecommunication services. Additionally, foreign investors can only exceed this threshold with a positive decision from the government, supported by the relevant authorities responsible for communications and national security​.","Since January 2012, last amended in Decemeber 2023",https://adilet.zan.kz/kaz/docs/Z1200000527,http://adilet.zan.kz/eng/docs/Z1200000527,,,,
5,5.3,Shares owned by the Government in telecom companies,1,Presence of State Owned Enterprise ,"JSC Kazakhtelecom is a majority state-owned company that provides most of Kazakhstan’s communications services, including broadband internet, mobile and television. As of recent reports, the Kazakh government owns 79.24% of Kazakhtelecom, which is divided between direct ownership (28.24%) and indirect ownership through the Sovereign Wealth Fund Samruk-Kazyna (51%). This large government stake means that the government has a controlling interest in the company, exceeding the 50% threshold.

Additionally, Kazakhtelecom also holds a 75% stake in Kcell, another significant telecom operator in Kazakhstan. 

","Since 2013, last reviewed in September 2024",https://telecom.kz/en/pages/11893/172452 ,https://ar2023.telecom.kz/en/equity-capital-structure.html,https://www.kcell.kz/en/about,,,
5,5.4,Lack of functional/accounting separation,0.25,"Law No.567 on Communications, 2004 (Қазақстан Республикасының 2004 жылғы 5 шілдедегі N 567 Заңы) ;

Order No.121 On approval of the Rules for separate accounting of incomes, costs, and assets, used by natural monopolies subjects in the spheres of telecommunications and universal postal services, 2016 (Қазақстан Республикасы Инвестициялар және даму министрінің м.а. 2016 жылғы 28 қаңтардағы № 121 бұйрығы. Қазақстан Республикасының Әділет министрлігінде 2016 жылы 29 ақпанда № 13330 болып тіркелді) ;

Law No.204-VI on Natural Monopolies, 2018 (Қазақстан Республикасының Заңы 2018 жылғы 27 желтоқсандағы № 204-VІ ҚРЗ.)","Functional separation is mandated for operators with significant market power, however accounting separation is not required. Prior to 2017, telecommunication services were considered natural monopoly in the RK, which mandated operators to perform accounting separation. Relevant provisions were repealed as from 01 January 2017. However, the 2016 Rules for separate accounting of incomes, costs, and assets, used by natural monopolies subjects in the spheres of telecommunications and universal postal services continued to be in force until January 2019.  As from January 2019 the Rules have been suspended until 01 January 2020. While the Rules are again in force as from 2020, the only remaining natural monopoly service in the sphere of telecommunications is provision for lease or use of cable ducts (with the exception of the activities of small businesses). All other telecommunication services do not fall within the ambit of vertical separation requirement.

Article 26 of Law No.204-V mentions that natural monopoly entities must maintain separate accounting for regulated services and, in some cases, non-regulated services. 

Accoridng to Article 10 of Chapter 3 of Order No.121, Telecom operators must periodically submit reports detailing their income, costs, and assets for each regulated service to the authorized body, ensuring that accounting separation is enforced.","Since April 2004, last amended in August 2024;

Since January 2016, last amended in June 2021;

Since December 2018, last amended in September 2024 2021",https://adilet.zan.kz/kaz/docs/Z040000567_,https://adilet.zan.kz/kaz/docs/V1600013330,https://adilet.zan.kz/kaz/docs/Z040000567_,,,
5,5.5,Licensing requirements in telecom sector for operators,0,"Law No. 214 on Licensing, 2007 (Қазақстан Республикасының 2007 жылғы 11 қаңтардағы N 214 Заңы. Күші жойылды - Қазақстан Республикасының 2014 жылғы 16 мамырдағы № 202-V Заңымен) ;

Law No. 202-V on Permissions and Notifications, 2014 (Қазақстан Республикасының Заңы 2014 жылғы 16 мамырдағы № 202-V ҚРЗ.)","Article 22 of Law No.214 mandates companies providing telecommunications services to acquire an operating license.

According to Article 4 of Law No.214, issue of licences shall be carried out on the equal grounds and equal conditions for all the persons, meeting requirements for this type of activity.

Article 5 of Law No.202-V emphasizes that licensing requirements must balance state interests with those of businesses and consumers, ensuring that the regulatory framework is relevant, effective, and does not impose unnecessary burdens on applicants.
 
Article 20 of Law No.202-V clarifies that foreign legal entities must be granted permissions equally with domestic entities unless otherwise specified by Kazakh law or international treaties.

","Since January 2007, last amended in May 2014;

Since May 2014, last amended in August 2024",https://adilet.zan.kz/kaz/docs/Z070000214_,https://adilet.zan.kz/kaz/docs/Z1400000202,https://adilet.zan.kz/eng/docs/Z070000214_,https://adilet.zan.kz/eng/docs/Z1400000202,,
5,5.6,Not in the WTO Telecom Reference Paper,0,WTO Telecom Reference Paper,Kazakhstan has attached the WTO Telecom Reference Paper to its schedule of commitments,Since 2016,https://docs.wto.org/dol2fe/Pages/FE_Search/FE_S_S009-DP.aspx?language=E&CatalogueIdList=226876&CurrentCatalogueIdIndex=0&FullTextHash=&HasEnglishRecord=True&HasFrenchRecord=True&HasSpanishRecord=True,https://www.wto.org/english/tratop_e/serv_e/telecom_e/telecom_highlights_commit_exempt_e.htm#country,https://www.gov.kz/memleket/entities/mdai/activities/8?lang=en,,,
5,5.7,Lack of independent telecom authority,1,"Law No.567 on Communications, 2004 (Қазақстан Республикасының 2004 жылғы 5 шілдедегі N 567 Заңы) ;

Order No.19286 on approval of the Regulations of the Republican State Institution Telecommunications Committee of the Ministry of Digital Development, Innovation and Aerospace Industry of the Republic of Kazakhstan, 2019 (Қазақстан Республикасының Цифрлық даму, инновациялар және аэроғарыш өнеркәсібі министрінің м.а. 2019 жылғы 16 тамыздағы № 199/НҚ бұйрығы. Қазақстан Республикасының Әділет министрлігінде 2019 жылғы 23 тамызда № 19286 болып тіркелді.)","Kazakhstan does not have an independent telecom authority. Telecommunications Committee of the Ministry of Digital Development, Innovations and Aerospace Industry is the competent body regulating the telecommunications sector. The Ministry follows, inter alia, acts of the Government. 

According to  Article 4 of Law No.567:
1. State regulation and control of the activity in the field of communications shall be carried out on the basis of legal groundwork, licensing of separate types of activity, control of compliance with the legislation of the Republic of Kazakhstan in the field of communications.
2. State management in the field of communications shall be carried out by the President of the Republic of Kazakhstan, Government of the Republic of Kazakhstan and authorized body.
3. State control over compliance with the legislation of the Republic of Kazakhstan in the field of communications shall be carried out by the authorized body and its territorial subdivisions.","Since April 2004, last amended in August 2024;

Since August 2019 last amended in October 2022 ",https://adilet.zan.kz/kaz/docs/Z040000567_,https://adilet.zan.kz/kaz/docs/V1900019286,https://www.gov.kz/memleket/entities/mdai/activities/8?lang=en,,,
6,6.1,"Ban and local processing requirements
Exception: Not score data localization measure applied to government data.",0,"Law No. 417-V On Informatization 2015 (Қазақстан Республикасының Заңы 2015 жылғы 24 қарашадағы № 418-V ҚРЗ) 

",There's no bans on personal data tranfer or local processing requirement in Kazakhstan currently. ,Since November 2015 last amended in June 2024  ,https://adilet.zan.kz/kaz/docs/Z1500000418,https://adilet.zan.kz/eng/docs/Z1500000418,,,0.620,
6,6.2,"Local storage requirements
Exception: Not score data localization measure applied to government data.",1,"Law No. 94-V on Personal Data and Protection, 2013 (Қазақстан Республикасының 2013 жылғы 21 мамырдағы № 94-V Заңы)","Article 12(2) of the Personal Data Law states that personal data shall be stored by the owner and/or operator, as well as by a third party in a database located in the territory of the Republic of Kazakhstan.","Since May 2013, last amended in February 2024 ",https://adilet.zan.kz/kaz/docs/Z1300000094,http://adilet.zan.kz/eng/docs/Z1300000094,,,,
6,6.2,"Local storage requirements
Exception: Not score data localization measure applied to government data.",1,"Law No. 417-V On Informatization 2015 (Қазақстан Республикасының Заңы 2015 жылғы 24 қарашадағы № 418-V ҚРЗ) 

","Article 56-1 of the Law on Informatization requires that internet resources with "".kz"" and "".қaz"" domains must be hosted on hardware and software complexes located in Kazakhstan. In other words, an internet resource (website, web application, web service) using a "".kz"" or "".қaz"" domain must be hosted on a server (owned / rented / cloud hosted / VDS hosted / virtually hosted) in a data center (server / office) located in Kazakhstan. The server must also be connected to a Kazakh internet provider and use a (dedicated or shared) Kazakhstan IP address. 

Article 36.8) of Law No. 417-V On Informatization states that Personal data contained in electronic information resources is stored by the owner and (or) operator, as well as a third party in an electronic database located in a server room or data processing center located in the territory of the Republic of Kazakhstan, with the adoption of the necessary measures to protect personal data in accordance with the procedure determined by the authorized body.",Since November 2015 last amended in June 2024  ,https://adilet.zan.kz/kaz/docs/Z1500000418,https://adilet.zan.kz/eng/docs/Z1500000418,,,,
6,6.3,"Infrastructure requirements
Exception: Not score data localization measure applied to government data.",1,"Law No. 567-V on Communications, 2004 (Қазақстан Республикасының 2004 жылғы 5 шілдедегі N 567 Заңы)","Article 21(3) of the Law of the Republic of Kazakhstan on Communications stipulates that operators of communication networks of all categories included in the unified telecommunications network of the Republic of Kazakhstan shall be obliged to create at their own expense a system of centralized management of their networks, which must be located on the territory of the Republic of Kazakhstan.","Since July 2004, last amended in August 2024",https://adilet.zan.kz/kaz/docs/Z040000567_,http://adilet.zan.kz/eng/docs/Z040000567_,,,,
6,6.4,"Conditional flow regimes
Exception: Not score data localization measure applied to government data.",1,"Law No. 94-V on Personal Data and Protection, 2013 (Қазақстан Республикасының 2013 жылғы 21 мамырдағы № 94-V Заңы)","Article 16 of Law No.94 V permits trans-border transfer of personal data under conditions below: 
- Trans-border transfer of personal data to the territory of the foreign states shall be carried out only in the case of ensuring of protection of personal data by these states in accordance with this Law;
- Trans-border transfer of personal data to the territory of the foreign states, not ensuring protection of personal data may be carried out in the cases of:
  1) existence of the consent of subject or his (her) legal representative to the trans-border transfer of his (her) personal data;
  2) provided international treaties, ratified by the Republic of Kazakhstan;
  3) provided by the Laws of the Republic of Kazakhstan, if it is necessary for the purposes of protection of constitutional order, protection of public order, rights and freedoms of person and citizen, health and morals of population;
  4) protection of constitutional rights and freedoms of person and citizen, if reception of the consent of subject or his (her) legal representative is impossible.","Since May 2013, last amended in February 2024 ",https://adilet.zan.kz/kaz/docs/Z1300000094,http://adilet.zan.kz/eng/docs/Z1300000094,,,,
6,6.5,Not in an agreement with binding commitments on data transfer.,1,Law No.113-VII ZRK On ratification of the Agreement on Mutual Legal Assistance on Administrative Matters in the Field of Personal Data Exchange 2022 (Қазақстан Республикасының Заңы 2022 жылғы 1 сәуірдегі № 113-VII ҚРЗ),"Kazakhstan has not joined any agreement with binding commitments to open transfers of data across borders. 

The Law of the Republic of Kazakhstan “On Ratification of the Agreement on Mutual Legal Assistance on Administrative Issues in the Field of Exchange of Personal Data” No. 113-VII was signed on April 1, 2022. The agreement is aimed at ensuring effective cooperation between the CIS member states by creating a system for providing mutual legal assistance on administrative issues in the field of exchange of personal data","Last reviewed in September 2024;

Since April 2022",https://www.wto.org/english/thewto_e/countries_e/kazakhstan_e.htm,https://adilet.zan.kz/kaz/docs/Z2200000113,,,,
7,7.1,Lack of comprehensive legal framework for data protection,0,"Law No. 94-V on Personal Data and Protection, 2013 (Қазақстан Республикасының 2013 жылғы 21 мамырдағы № 94-V Заңы)","According to Article 2 of the Law No. 94-V, the purpose of the law is to ensure the protection of personal data rights and freedoms during the collection and processing of personal data. The law governs all public relations related to personal data and sets out legal foundations for the collection, processing, and protection of this data. It applies to all sectors without discrimination, establishing a horizontal legal framework for personal data protection across various sectors, but with specific provisions allowing sectoral adjustments in other laws or acts by the President of Kazakhstan​","Since May 2013, last amended in February 2024 ",https://adilet.zan.kz/kaz/docs/Z1300000094,http://adilet.zan.kz/eng/docs/Z1300000094,,,0.530,
7,7.2,"Minimum period of data retention requirements
Exception: Not score requirement applied to government data.",1,"Law No.18-VIII on Online Platforms and Online Advertising,  2023 (Қазақстан Республикасының Заңы 2023 жылғы 10 шiлдедегi № 18-VIII ҚРЗ)","As per Article 9(4) (7) of the Law No. 18-VIII, online platform owners are required to publish publicly available information about the average monthly number of users on their platform in Kazakhstan over the past six months. 

Additionally, Article 22(2) of the same law mandates that online platforms must securely store information about online advertising, including targeted online advertising, for at least one year following the last placement or distribution of the advertisement.

",Since July 2023,https://adilet.zan.kz/kaz/docs/Z2300000018/info,https://adilet.zan.kz/eng/docs/Z2300000018,,,,
7,7.2,"Minimum period of data retention requirements
Exception: Not score requirement applied to government data.",0,"Law No. 94-V on Personal Data and Protection, 2013 (Қазақстан Республикасының 2013 жылғы 21 мамырдағы № 94-V Заңы)","Article 12 of the Law No. 94-V on Personal Data and Protection mandates that the accumulation and storage of personal data should be conducted by collecting only the data that is necessary and sufficient for the tasks performed by the data owner, operator, or a third party. According to Article 12(2), personal data must be stored in a database located within Kazakhstan’s territory, and the duration for which personal data is retained is determined by the period necessary to achieve the purposes for which the data was collected and processed. The law states that data storage can extend beyond this period only if specified by other legislative provisions of Kazakhstan. ","Since May 2013, last amended in February 2024",https://adilet.zan.kz/kaz/docs/Z1300000094,http://adilet.zan.kz/eng/docs/Z1300000094,,,,
7,7.3,Data Protection Impact Assessment (DPIA) or Data Protection Officer (DPO) requirements,1,"Law No. 94-V on Personal Data and Protection, 2013 (Қазақстан Республикасының 2013 жылғы 21 мамырдағы № 94-V Заңы)","According to Article 25(2)(10) of Law No.94-V,  there is a requirement for legal entities (including companies processing personal data) to appoint a person responsible for the organization of personal data processing. This person ensures compliance with data protection regulations, making them analogous to a Data Protection Officer (DPO). The duties include overseeing internal compliance, educating employees about data protection laws, and handling inquiries related to personal data. 

According to Article 25(3) of the Personal Data Law, such a person is entrusted with the following duties:
i) exercise internal control over the observance by the owner and/or operator and its employees of the legislation of the Republic of Kazakhstan on personal data and its protection, including the requirements for the protection of personal data;
ii) inform the employees of the owner and/or operator of the provisions of the legislation of the Republic of Kazakhstan on personal data and its protection regarding processing personal data, the requirements for the protection of personal data; and
iii) organize the reception and processing of requests and inquiries of personal data subjects or their legal representatives and/or exercise control over the reception and processing of such requests and inquiries","Since May 2013, last amended in February 2024 ",https://adilet.zan.kz/kaz/docs/Z1300000094,http://adilet.zan.kz/eng/docs/Z1300000094,,,,
7,7.4,Requirements to allow government access to personal data,1,"Law No. 94-V on Personal Data and Protection, 2013 (Қазақстан Республикасының 2013 жылғы 21 мамырдағы № 94-V Заңы)","The Law on Personal Data and Protection (No. 94-V, 2013) of Kazakhstan permits government access to personal data without a court decision in specific circumstances. Article 9 outlines exceptions where the state authorities, including law enforcement, can collect and process personal data without the individual's consent. These include activities for law enforcement, national security, taxation, and customs administration. This provision grants broad discretionary power to the government to access personal data for official purposes, effectively bypassing judicial oversight in these cases.","Since May 2013, last amended in February 2024",https://adilet.zan.kz/kaz/docs/Z1300000094,http://adilet.zan.kz/eng/docs/Z1300000094,,,,
8,8.1,Lack of safe harbour for copyright infringements,1,"Law No.18-VIII on Online Platforms and Online Advertising,  2023 (Қазақстан Республикасының Заңы 2023 жылғы 10 шiлдедегi № 18-VIII ҚРЗ)","The Law On Online Platforms and Online Advertising states liability for violation of the legislation on online platforms and online advertising for online platforms.

Article 9, obligates owners and legal representatives to ""take measures to counter the spread of illegal content"". Which implies a responsibility to address copyright infringement as part of their content moderation efforts.

Article 13 mandates that online platform owners must take measures to improve content moderation systems, artificial intelligence algorithms, and the safety of minors on the platform. This further suggests a requirement to actively monitor and control the content hosted on their platforms. 

Due to these active obligations, Kazakhstan lacks of a safe harbour for copyrights infrigements.
",Since July 2023,https://adilet.zan.kz/kaz/docs/Z2300000018/info,https://adilet.zan.kz/eng/docs/Z2300000018,,,0.880,
8,8.2,Export restrictions on ICTgoods and online services,1,"Law No.18-VIII on Online Platforms and Online Advertising,  2023 (Қазақстан Республикасының Заңы 2023 жылғы 10 шiлдедегi № 18-VIII ҚРЗ)","The Law On Online Platforms and Online Advertising states liability for violation of the legislation on online platforms and online advertising for online platforms.

Article 9, obligates owners and legal representatives to ""take measures to counter the spread of illegal content"". Which implies a responsibility to address copyright infringement as part of their content moderation efforts.

Article 13 mandates that online platform owners must take measures to improve content moderation systems, artificial intelligence algorithms, and the safety of minors on the platform. This further suggests a requirement to actively monitor and control the content hosted on their platforms. 

Due to these active obligations, Kazakhstan lacks of a safe harbour for illegal activities.

",Since July 2023,https://adilet.zan.kz/kaz/docs/Z2300000018/info,https://adilet.zan.kz/eng/docs/Z2300000018,,,,
8,8.3,User identify requirements,0.50,"Law No. 567-V on Communications, 2004 (Қазақстан Республикасының 2004 жылғы 5 шілдедегі N 567 Заңы)

","Under Article 40 of Law on Communications, operators are prohibited from providing communication services without entering information on the subscriber into the system for collecting and storing service information. This effectively requires user identity registration for service provision.

According to article 39, cellular communication services can only be provided after a contract is concluded with accurate user identification.

","Since July 2004, last amended in August 2024",https://adilet.zan.kz/kaz/docs/Z040000567_,https://adilet.zan.kz/eng/docs/Z040000567_,,,,
8,8.4,Monitoring requirements,1,"Law No.18-VIII on Online Platforms and Online Advertising,  2023 (Қазақстан Республикасының Заңы 2023 жылғы 10 шiлдедегi № 18-VIII ҚРЗ)","Article 13 of the Law No.18-VIII stipulates that online platform provider is obliged to take measures to improve the content moderation systems, artificial intelligence algorithms, countering the placement and distribution of illegal content on the territory of the Republic of Kazakhstan. The online platform provider should publish a report about content moderation indicating deleted illegal content by automated moderation systems, the number of received instructions from the authorized body, user complaints and decisions made on them.",Since July 2023,https://adilet.zan.kz/kaz/docs/Z2300000018/info,https://adilet.zan.kz/eng/docs/Z2300000018,,,,
9,9.1,"Blocking or filtering commercial web content
Exception: Not score political content, criminal content (e.g., child pornography), aged-restricted content, defamation and other non-commercial content.",1,"Law No. 417-V On Informatization 2015 (Қазақстан Республикасының Заңы 2015 жылғы 24 қарашадағы № 418-V ҚРЗ) 
","Article 35(9) of Law No.417-V specifies that owners of internet resources are required to immediately take action to restrict access to prohibited information upon receiving a directive from authorized state bodies. 

Article 35(7) of Law No.417-V refers to information ""prohibited by a valid court decision or laws of the Republic of Kazakhstan."" This indicates that any content deemed illegal by a court ruling or existing laws would fall under the umbrella of ""prohibited information.

Article 14 of Law No.417-V defines “illegal content,” as the one that: 
- Endangers national security, promotes violence, or incites hatred.
- Reveals state secrets or protected personal data.
- Relates to pornography, drugs, and other illegal activities.",Since November 2015 last amended in June 2024 ,https://adilet.zan.kz/kaz/docs/Z1500000418,https://adilet.zan.kz/eng/docs/Z1500000418,,,0.630,
9,9.1,"Blocking or filtering commercial web content
Exception: Not score political content, criminal content (e.g., child pornography), aged-restricted content, defamation and other non-commercial content.",1,Internet Freedom Kazakhstan,"Internet Freedom Kazakhstan (IFKZ) and the Eurasian Digital Foundation, in collaboration with the Open Observatory on Net Interference (OONI), conducted a study of internet censorship in Kazakhstan for the period from June 2023 to June 2024. The study revealed numerous cases of blocking news sites, human rights resources, and tools to circumvent blocking. The study is based on network measurement data and legal analysis conducted by IFKZ experts.

In response an access-to-information inquiry, the MISD specified that in 2022, 14,469 pages were blocked following 774 requests from the regulator. Only 241 of those were registered in the .kz domain zone. Between January and May 2023, 6,175 more pages were blocked, 6,047 of which were based abroad. The main reasons for blocking included dissemination of false information, use of the internet to commit criminal and administrative offenses, terrorist and extremist propaganda, and copyright violations, as well as hosting content related to pornography, suicide, narcotics, and online gambling. According to the MISD, there are over 68,000 banned web pages as of May 2023.",Reported in August 2024,https://ifkz.org/en/article/internet-censorship-in-kazakhstan,,,,,
9,9.1,"Blocking or filtering commercial web content
Exception: Not score political content, criminal content (e.g., child pornography), aged-restricted content, defamation and other non-commercial content.",1,"Law No. 567-V on Communications, 2004 (Қазақстан Республикасының 2004 жылғы 5 шілдедегі N 567 Заңы)
","Article 41-1 of Law No. 567-V mandates ISPs and platform operators to block content that:
-Violates national security or public order 
- Includes unlawful advertisements, such as gambling ads without the proper license.
- Contains prohibited electoral information or content related to illegal public gatherings​","Since July 2004, last amended in August 2024",https://adilet.zan.kz/kaz/docs/Z040000567_,https://adilet.zan.kz/eng/docs/Z040000567_,,,,
9,9.2,Internet shutdowns,0.5,"V-Dem, variable v2smgovshut","The indicator ""6.2.4 - Government Internet shut down in practice"" of the V-Dem Dataset, which measures whether the government has the technical capacity to actively make internet service cease, thus interrupting domestic access to the internet or whether the government has decided to do so, has a score of 2.34 in Kazakhstan. This corresponds to ""Sometimes"". The government shut down domestic access to the Internet  several times this year"".",Reported in October 2024 with data from 2023  ,https://www.v-dem.net/vdemds.html,https://www.v-dem.net/data_analysis/CountryGraph/,,,,
9,9.3,"Online advertising requirements
Exception: Not score requirements that advertising should not be misleading",1,"Law No. 508 on Advertising, 2003 (Қазақстан Республикасының 2003 жылғы 19 желтоқсандағы N 508 Заңы)","According to the Article 7 of the Advertisement Law, advertisement that contains a comparison of the advertised goods (works, services) with the goods (works, services) of other individuals or legal entities, as well as statements, images, discrediting their honour, dignity and business reputation, is prohibited. Advertisement, regardless of the form or used means of distribution (placement), should be reliable, recognizable without special knowledge or the use of special tools, directly at the time of its presentation.

According to Article 13, certain types of products, including alcohol, tobacco, and services like lotteries, have strict advertising limitations. These restrictions apply to online advertising as well, with some types of products prohibited from being advertised altogether​.

Article 14 mandates that the advertising of financial services and products, including securities, has strict prohibitions against exaggerating the potential for returns. This regulation applies to both online and offline platforms​

",Since December 2003 amended in August 2024 ,https://adilet.zan.kz/kaz/archive/docs/Z030000508_/17.01.2014,http://adilet.zan.kz/eng/docs/Z030000508_,,,,
9,9.3,"Online advertising requirements
Exception: Not score requirements that advertising should not be misleading",1,"Law No.18-VIII on Online Platforms and Online Advertising,  2023 (Қазақстан Республикасының Заңы 2023 жылғы 10 шiлдедегi № 18-VIII ҚРЗ)","Article 19 of Law No.18-VIII mandates that online advertising must be clearly identifiable and labeled. 

Article 21 of the same law requires that sponsored content, which falls under the umbrella of online advertising, must be labeled and cannot discredit individuals, organizations, or goods by making comparisons or negative statements. 

Article 22 of the law mandates that platforms must provide technical means for users to identify online advertising and ensure its storage for one year. This provision introduces an indirect limitation, as platforms need to maintain and safeguard records of their advertising, ensuring compliance with potential regulatory reviews",Since July 2023,https://adilet.zan.kz/kaz/docs/Z2300000018/info,https://adilet.zan.kz/eng/docs/Z2300000018,,,,
9,9.4,"Licensing requirements for online content providers and applications (social media platforms, new providers, VPN, cloud servics, etc.)
Exception: Not cover license for telecommunication facilities and service providers (captured under Pillar 5), License for e-commerce platform (captured under Pillar 12)",0,"Law No.18-VIII on Online Platforms and Online Advertising,  2023 (Қазақстан Республикасының Заңы 2023 жылғы 10 шiлдедегi № 18-VIII ҚРЗ)","Article 9(1) of Law No.18-VIII outlines that any online platform operating in Kazakhstan with more than 100,000 daily users must appoint a legal representative for communication with the authorized body. These platforms are required to take strict measures to combat illegal content and adhere to content moderation policies. Non-compliance may result in blocking or suspension of their activities in Kazakhstan​

Article 9(2) of the Law No.18-VIII states that the authorized body maintains a register of legal representatives of online platforms on the territory of the Republic of Kazakhstan in the order determined by it.

While the Law contains strict regulatory provisions for the operation of online platforms in Kazakhstan, it doesn't explicitly mention a licensing requirement.",Since July 2023,https://adilet.zan.kz/kaz/docs/Z2300000018/info,https://adilet.zan.kz/eng/docs/Z2300000018,,,,
10,10.1,"Import ban applied to ICT goods and online services (e.g. network equipment, servers, handsets, applications, and data processing)",0,"Treaty on the Eurasian Economic Union ; 

Decision No.30 of the Collegium of the Eurasian Economic Commission “On Measures of Non-Tariff Regulation” of 21 April 2015

","The list of goods subject to import and export prohibitions or restrictions in the Eurasian Economic Union, including Kazakhstan, is determined by the Decision of the Board of Eurasian Economic Commission dating 2012. 

Non-tariff measures in the EAEU are applied uniformly vis-à-vis third parties. Articles 46 (Non-Tariff Regulation Measures) and 47 (Unilateral Application of Non-Tariff Regulation Measures) of the EAEU Treaty are the main provisions for application of non-tariff measures by the EAEU countries. These articles refer to Annex 7 of the EAEU Treaty, which further elaborates on non-tariff measures in the EAEU. 

Particularly, Article 46 refers to non-tariff measures, such as prohibitions, quantitative restrictions, exclusive rights, automatic licensing (surveillance), and licensing/authorization procedures. Article 47 allows unilateral introduction of non-tariff measures by a member State. The EAEU’s uniform prohibitions and restrictions are designated in the Single List of Goods to which Non-Tariff Regulation Measures are Applied in Trade with Third Countries (Decision of the Collegium of the Eurasian Economic Commission (EEC) No. 30 “On Measures of Non-Tariff Regulation” of 21 April 2015). Annexes 1 and 2 of the said decision refers to goods which are prohibited and restricted, respectively. Kazakhstan, if necessary, makes use of Article 47 (Unilateral Application of Non-Tariff Regulation Measures) by adopting legal acts prohibiting/restricting imports/exports (in a form of orders of relevant state bodies). 

According to Section 1 of the so called ""Single List"" contained in the Decision, no prohibition exists on the import of digital goods, except for the prohibition of importation of the audiovisual materials and other information media containing information against the public morals, public order and security. Such information includes content promoting extremism or terrorism, pornographic materials, political and economic interests of the state, including national security, public health and morals of the citizens, among others.","Since January 2015;

Since May 2015",https://docs.eaeunion.org/docs/en-us/0003610/itia_05,https://docs.eaeunion.org/docs/ru-ru/01410399/clcd_03062016_57,,,0.580,
10,10.1,"Import ban applied to ICT goods and online services (e.g. network equipment, servers, handsets, applications, and data processing)",0.50,"Law No. 567-V on Communications, 2004 (Қазақстан Республикасының 2004 жылғы 5 шілдедегі N 567 Заңы) ;

Law No.18-VIII on Online Platforms and Online Advertising,  2023 (Қазақстан Республикасының Заңы 2023 жылғы 10 шiлдедегi № 18-VIII ҚРЗ) 
","In March 2023, hidemy.name, a Belize-based VPN service that was banned along with approximately 150 other VPNs in 2020, stated that it would appeal the ban in courts.

This decision was taken on the basis of article 41-1 of the Law on Communications which provides the basis for the suspension or termination of services like VPNs that are used to bypass governmental controls on content distribution. The law allows the state to block services that do not comply with its regulatory framework

Since July 2023, article 14 of the Law on Online Platforms and Online Advertising prohibits the distribution of illegal content, including content that undermines state security or promotes extremism. It allows authorities to suspend or terminate access to online platforms or services that fail to comply with these provisions​.","Last reported in March 2023;

Since July 2004, last amended in August 2024; 

Since July 2023",https://adilet.zan.kz/kaz/docs/Z040000567_,https://adilet.zan.kz/kaz/docs/Z2300000018/info,,,,
10,10.2,Other import restrictions on ICT goods and online services,0.50,"Treaty on the Eurasian Ecomic Union ; 

Decision No.30 of the Collegium of the Eurasian Economic Commission “On Measures of Non-Tariff Regulation” of 21 April 2015

","Licensing procedures are applied to the importation of certain digital goods to the territory of the Eurasian Economic Union, including Kazakhstan. These digital goods are the following: (i) Civil radio-electronic equipment and/or high-frequency devices including those which are built-in or form a part of other goods; (ii) Special hardware meant for secret information acquisition; (iii) Encryption devices.

Non-tariff measures in the EAEU are applied uniformly vis-à-vis third parties. Articles 46 (Non-Tariff Regulation Measures) and 47 (Unilateral Application of Non-Tariff Regulation Measures) of the EAEU Treaty are the main provisions for application of non-tariff measures by the EAEU countries. These articles refer to Annex 7 of the EAEU Treaty, which further elaborates on non-tariff measures in the EAEU. Particularly, Article 46 refers to non-tariff measures, such as prohibitions, quantitative restrictions, exclusive rights, automatic licensing (surveillance), and licensing/authorization procedures. Article 47 allows unilateral introduction of non-tariff measures by a member State. The EAEU’s uniform prohibitions and restrictions are designated in the Single List of Goods to which Non-Tariff Regulation Measures are Applied in Trade with Third Countries (Decision of the Collegium of the Eurasian Economic Commission (EEC) No. 30 “On Measures of Non-Tariff Regulation” of 21 April 2015). Annexes 1 and 2 of the said decision refers to goods which are prohibited and restricted, respectively. Kazakhstan, if necessary, makes use of Article 47 (Unilateral Application of Non-Tariff Regulation Measures) by adopting legal acts prohibiting/restricting imports/exports (in a form of orders of relevant state bodies). According to Section 1 of the so called ""Single List"" contained in the Decision, no prohibition exists on the import of digital goods, except for the prohibition of importation of the audiovisual materials and other information media containing information against the public morals, public order and security. Such information includes content promoting extremism or terrorism, pornographic materials, political and economic interests of the state, including national security, public health and morals of the citizens, among others.    ","Since January 2015;

Since May 2015",https://docs.eaeunion.org/docs/en-us/0003610/itia_05,https://docs.eaeunion.org/docs/ru-ru/01410399/clcd_03062016_57,,,,
10,10.2,Other import restrictions on ICT goods and online services,0.50,Law No. 417-V On Informatization 2015 (Қазақстан Республикасының Заңы 2015 жылғы 24 қарашадағы № 418-V ҚРЗ) ,"Article 7-6(7) of the Law No.418-V on Informatization, which grants the authorized body the power to develop and approve rules for the formation and maintenance of a register of trusted software and electronic products, impacts the indicator on import restrictions for ICT goods and online services. This provision means that only software and products meeting specific criteria can be included in the register of trusted items, potentially adding regulatory compliance burdens on businesses. Companies importing ICT goods must ensure their products meet these criteria to be approved for use or sale, effectively imposing an additional layer of compliance. 
","Since November 2015 last amended in June 2024
",https://adilet.zan.kz/kaz/docs/Z1500000418,https://adilet.zan.kz/eng/docs/Z1500000418,,,,
10,10.3,Local content requirements ,0,"Law No. 417-V On Informatization 2015 (Қазақстан Республикасының Заңы 2015 жылғы 24 қарашадағы № 418-V ҚРЗ)  ;

Order of the Minister of Defense and Aerospace Industry of the Republic of Kazakhstan No. 53/НК on approval of the Rules for the formation and maintenance of a register of trusted software and electronics industry products, as well as criteria for including software and electronics industry products in the register of trusted software and electronics industry products 2018 (Қазақстан Республикасының Қорғаныс және аэроғарыш өнеркәсібі министрінің 2018 жылғы 28 наурыздағы № 53/НҚ бұйрығы. Қазақстан Республикасының Әділет министрлігінде 2018 жылғы 12 сәуірде № 16750 болып тіркелді.)","Article 3(1) of the Informatization Law mentions the aim of developing domestic value in the production of goods, works, and services within ICT. This could be interpreted as a state-driven incentive to prioritize local production, which aligns with the concept of local content requirements. However, it doesn't explicitly mandate LCRs at the product or sectoral levels.
The law outlines the goal of improving local ICT capabilities but does not enforce specific product-level LCRs as required by the indicator.

According to Chapter 2, Article 10(1) of  the Order No. 53/НК in order to be registered in the register, the exclusive rights to the software must belong to a Kazakh entity or natural person which implies a preference for domestically produced software but does not impose LCRs on ICT hardware or services at the product level.

","Since November 2015 last amended in June 2024;

Since March 2018, last amended in February 2024",https://adilet.zan.kz/kaz/docs/Z1500000418,https://adilet.zan.kz/eng/docs/Z1500000418,https://adilet.zan.kz/kaz/docs/V1800016750,https://adilet.zan.kz/rus/docs/V1800016750,,
10,10.4,Export restrictions on ICTgoods and online services,1,"Decision No. 134 of EEC Board, Single list of goods subject to prohibitions or restrictions on import or export by the Customs Union member states within the EurAsEC when trading with third countries and Provisions on application of restrictions 2012 ;


Decision No.30 of the Collegium of the Eurasian Economic Commission “On Measures of Non-Tariff Regulation” of 21 April 2015

","The EEC's Decision No. 134 outlines export restrictions on certain digital goods, specifically targeting special hardware and encryption devices under its ""Single List"" of goods subject to trade limitations. According to Section 2.17, any export of “special technical means intended for secretly obtaining information” is tightly controlled and can only proceed with a license from Russia’s Ministry of Industry and Trade, as detailed in Appendix No. 16. This provision regulates the export of surveillance equipment, ensuring only authorized entities may trade in such goods, thereby addressing security concerns. Similarly, Section 2.19 regulates the export of “encryption (cryptographic) means,” requiring either a customs notification or a license from Russia’s Ministry of Industry and Trade, as specified in Appendix No. 9. This requirement restricts the export of encryption tools, ensuring compliance with national security measures across the EAEU, including in Kazakhstan. 

","Since August 2012 ;

Since May 2015",http://www.eurasiancommission.org/_layouts/Lanit.EEC.Desicions/Download.aspx?IsDlg=0&ID=176&print=1,http://www.eurasiancommission.org/ru/Lists/EECDocs/K_P1_134.pdf,https://docs.eaeunion.org/docs/ru-ru/01410399/clcd_03062016_57,,,
11,11.1,Lack of transparent technical standards,0,Law N°396-VI on Technical Regulation (Қазақстан Республикасының Заңы 2020 жылғы 30 желтоқсандағы № 396-VI ҚРЗ),"According to Article 21 of the Law on Technical Regulation of the Republic of Kazakhstan, the development, amendment, and cancellation of technical regulations must be conducted in a transparent manner, with public participation as a core requirement. The article stipulates that proposals for such regulations should involve input from state bodies, technical committees on standardization, the National Chamber of Entrepreneurs, and other interested parties. Once the draft regulation is prepared, it is mandatory for the state body responsible for its development to publish a notification on the internet, ensuring the public has access to the draft for review. This notification must be available no later than thirty days after the project begins, and the draft is subject to public discussion for at least sixty days. During this period, stakeholders can provide comments and suggestions. The state body is then required to consider this feedback, finalize the project, and make it available in the public information system, enhancing transparency and ensuring that all relevant stakeholders have the opportunity to engage in the standard-setting process.","Since December 2020, last amended in August 2024",https://adilet.zan.kz/kaz/docs/Z2000000396,https://adilet.zan.kz/eng/docs/Z2000000396,,,0.150,
11,11.2,"Self-certification limitations for product safety (radio transmissions, EMC/EMI)",0,Eurasian Economic Union Treaty,"Section X (Technical Regulation) of the Eurasian Economic Union Treaty establishes the uniform technical standards, including the unity of the rules and methods of research (tests) and measurements during the mandatory conformity assessment procedures (Article 51(6)). Supplier’s Declaration of Conformity (SDoC) and related conformity assessment results including testing reports from one EAEU Member State must be recognized and accepted by all other Member States. 

Article 53(2) (Circulation of Products and Technical Regulations of the EAEU) of the Treaty stipulates that products that are subject to the enforced technical regulation of the EAEU can be put into the circulation at the territory of the EAEU, provided that it has passed the necessary conformity assessment procedures established under the technical regulation of the EAEU. Member States shall ensure circulation of products conforming to the requirements of the technical regulation of the EAEU on its territory without application of additional with regard to the technical regulation of the EAEU requirements to such products and without additional conformity assessment procedures.

Annex 9 to the Treaty ""Protocol on Technical Regulation within the Eurasian Economic EAEU"" prescribes that Conformity assessment of objects of technical regulating established in the technical regulation of the EAEU shall be made in form of registration (state registration), testing, confirmation of compliance, expertise and (or) in any other form. Mandatory conformity assessment is carried out in the form of declaration of conformity and certification. (Clause 5). Specifically, “Certificate of compliance with technical regulations of the EAEU” means the document by which the authority for certification certifies compliance of the products released for circulation with requirements of technical regulation of the EAEU (technical regulations of the EAEU). ",Since Janury 2015,https://www.wto.org/english/thewto_e/acc_e/kaz_e/wtacckaz85_leg_1.pdf,,,,,
11,11.2,"Self-certification limitations for product safety (radio transmissions, EMC/EMI)",0.50,"Law No. 567-V on Communications, 2004 (Қазақстан Республикасының 2004 жылғы 5 шілдедегі N 567 Заңы) ;

Law No.396-VI on technical regulation, 2020 (Қазақстан Республикасының Заңы 2020 жылғы 30 желтоқсандағы № 396-VI ҚРЗ)","According to Article 16 of the Law on Communication, technical means of communications used in the telecommunications network of the Republic of Kazakhstan are subject to procedure of mandatory conformity acknowledgment by the authorities. 

Under Article 13 of the Law on Technical Regulation, conformity bodies in Kazakhstan must be accredited by the national accreditation authority. These bodies are required to use test results from accredited laboratories when performing mandatory assessments, ensuring a third-party verification system. The article states the following key points regarding third-party certification:
Article 13(3): Conformity bodies are authorized to handle applications for both mandatory and voluntary conformity checks. They assess compliance and perform necessary verification work, thus eliminating the possibility for foreign suppliers to self-certify.
Article 13(4): Conformity bodies have the right to issue certificates of conformity or register declarations of conformity only after thorough third-party assessments, reinforcing the reliance on accredited bodies rather than self-declarations by suppliers

Article 28-7 of the Law of Communications requires owners to ensure that their equipment complies with the technical characteristics and operating conditions stated in their notification documents. It mandates adherence to established rules and regulations regarding the operation of radio-electronic equipment, which is directly related to product safety standards for radio transmissions and EMI/EMC.

Article 28-8 of the law on Communications outlines the monitoring activities carried out by state authorities to ensure that equipment using the radio frequency spectrum meets the necessary technical standards, including compliance with EMC and EMI regulations.","Since July 2004, last amended in August 2024 ;

Since December 2020, last amended in September 2024",https://adilet.zan.kz/kaz/docs/Z040000567_,https://adilet.zan.kz/kaz/docs/Z2000000396,http://adilet.zan.kz/eng/docs/Z040000567_,https://adilet.zan.kz/eng/docs/Z2000000396,,
11,11.3,Product screening and testing requirements,0.50,"Law No. 567-V on Communications, 2004 (Қазақстан Республикасының 2004 жылғы 5 шілдедегі N 567 Заңы) ;

Law No.396-VI on technical regulation, 2020 (Қазақстан Республикасының Заңы 2020 жылғы 30 желтоқсандағы № 396-VI ҚРЗ)","According to Article 16 of the Law on Communication, technical means of communications used in the telecommunications network of the Republic of Kazakhstan are subject to procedure of mandatory conformity acknowledgment by the authorities. 

Article 17-1 of the Law on Communications stipulates that the import of limited radio-electronic and high-frequency devices, including those embedded within other products, from countries outside the Eurasian Economic Union into Kazakhstan requires a license. This import licensing is administered by a government-authorized body and is a measure aimed at regulating and screening foreign ICT products that may impact national security. However, one exemption from this licensing requirement is granted specifically for products imported solely for the purpose of testing to confirm conformity, including certification or declaration of conformity.

Under Article 13 of the Law on Technical Regulation, Kazakhstan mandates that conformity assessment bodies must be accredited by a national authority. These accredited bodies rely on test results from approved laboratories, thereby ensuring that all assessments are conducted through an external, third-party verification system. The article further specifies that conformity bodies, as accredited entities, are authorized to manage both mandatory and voluntary compliance checks, assessing each product's adherence to national standards and performing verification work to guarantee compliance. According to Article 13(3), conformity bodies are exclusively responsible for issuing certificates of conformity or registering declarations of conformity after completing third-party evaluations, precluding any self-certification by foreign suppliers. Article 13(4) strengthens this framework by mandating that conformity bodies issue certificates only after comprehensive third-party assessments, affirming Kazakhstan's strict reliance on accredited bodies for product safety.

","Since July 2004, last amended in August 2024 ;

Since December 2020, last amended in September 2024",https://adilet.zan.kz/kaz/docs/Z040000567_,https://adilet.zan.kz/kaz/docs/Z2000000396,http://adilet.zan.kz/eng/docs/Z040000567_,https://adilet.zan.kz/eng/docs/Z2000000396,,
11,11.4,"Deviation from international encryption standards (ISO, IEC, ITU, FIPS, AES, TDES, and ECC)",0,"Law No. 567-V on Communications, 2004 (Қазақстан Республикасының 2004 жылғы 5 шілдедегі N 567 Заңы) ; 

Order No. 595/NK of the Minister of Digital Development, Innovation and Aerospace Industry, 2023 (Қазақстан Республикасының Цифрлық даму, инновациялар және аэроғарыш өнеркәсібі министрінің 2023 жылғы 1 желтоқсандағы № 595/НҚ бұйрығы. Қазақстан Республикасының Әділет министрлігінде 2023 жылғы 6 желтоқсанда № 33727 болып тіркелді)","Article 26.3(1) of the law stipulates that international operators shall carry out traffic transmission using the protocols, supporting encryption with the use of a security certificate. Security certificate is a set of electronic digital characters used to route traffic containing protocols that support encryption determined by  the National Security Committee of the Republic of Kazakhstan. 

In addition, Article 23(2) and 23(3) state that the procedure for organization of encrypted work in the authorized state bodies, military management bodies, national security and internal affairs of the Republic of Kazakhstan and the procedure for ensuring governmental communication shall be developed by the Committee for national security of the Republic of Kazakhstan and determined by the President of the Republic of Kazakhstan.


The ST RK GOST R 34.10-2015 standard was officially adopted in Kazakhstan on December 1, 2023, as per Order No. 595/НҚ issued by the acting Minister of Investment and Development of the Republic of Kazakhstan. This order amended the existing regulations concerning the issuance, storage, and revocation of registration certificates, as well as the verification of the ownership and validity of electronic digital signature (EDS) public keys by the National Certification Authority (NCA) of Kazakhstan. The transition to this cryptographic standard was implemented on April 30, 2024, with the NCA RK commencing the issuance of EDS keys based on the ST RK GOST R 34.10-2015 algorithm from that date.

ST RK GOST R 34.10-2015 is a Kazakh adaptation of the Russian cryptographic standard GOST R 34.10-2012, which defines a digital signature algorithm based on elliptic curve cryptography and has been incorporated into the ISO/IEC 14888-3 standard.","Since July 2004, last amended in August 2024;

Since December 2023, last amended in February 2024 and implemented in April 2024",https://adilet.zan.kz/kaz/docs/Z040000567_,https://adilet.zan.kz/kaz/docs/V2300033727,http://adilet.zan.kz/eng/docs/Z040000567_,https://www.iso.org/obp/ui/en/#iso:std:iso-iec:14888:-3:ed-4:v1:en,,
12,12.01,Foreign equity limits in e-commerce sector,0,"Law No. 544 on Regulation of Trading Activities, 2004 (Қазақстан Республикасының 2004 жылғы 12 сәуірдегі N 544 Заңы) ;

Order No.264 on Approval of the Rules of Domestic Trade, 2015 (Қазақстан Республикасы Ұлттық экономика министрінің м.а. 2015 жылғы 27 наурыздағы № 264 бұйрығы) ;

Order No.4 on Approval of the Notification Templates and the Rules for Submission of Notifications by State Authorities, 2015 (Қазақстан Республикасы Ұлттық экономика министрінің 2015 жылғы 6 қаңтардағы № 4 бұйрығы)","There is no foreign direct investment cap on the sector of  e-commerce in Kazakhstan.

","Since April 2004, last amended in August 2024;

Since March 2015, last amended in July 2024;

Since January 2015, last amended in March 2024 ",http://adilet.zan.kz/rus/docs/Z040000544_,http://adilet.zan.kz/rus/docs/V1500011148,http://adilet.zan.kz/rus/docs/V1500010194,,0.270,
12,12.2,"Online purchases and delivery limitations
Exception: Not score limitations on online purchases and delivery applied specifically to products related to consumer protection, notably restrictions on alcoholic beverages, tobacco, and pharmaceuticals.",0,"Law No. 544 on Regulation of Trading Activities, 2004 (Қазақстан Республикасының 2004 жылғы 12 сәуірдегі N 544 Заңы) ;

Order No.264 on Approval of the Rules of Domestic Trade, 2015 (Қазақстан Республикасы Ұлттық экономика министрінің м.а. 2015 жылғы 27 наурыздағы № 264 бұйрығы) ;

Order No.4 on Approval of the Notification Templates and the Rules for Submission of Notifications by State Authorities, 2015 (Қазақстан Республикасы Ұлттық экономика министрінің 2015 жылғы 6 қаңтардағы № 4 бұйрығы)",Kazakhstan does not have explicit limitations on the number of goods that can be imported through e-commerce platforms or restrictions on the delivery of products bought online,"Since April 2004, last amended in August 2024;

Since March 2015, last amended in July 2024;

Since January 2015, last amended in March 2024 ",http://adilet.zan.kz/rus/docs/Z040000544_,http://adilet.zan.kz/rus/docs/V1500011148,http://adilet.zan.kz/rus/docs/V1500010194,,,
12,12.3,"Licensing scheme for e-commerce providers (B2B and B2C)
Exception: Licenses pertiaining to other aspects of e-commerce businesses, such as license to operate online payment services and delivery are not captured. ",0,"Law No. 544 on Regulation of Trading Activities, 2004 (Қазақстан Республикасының 2004 жылғы 12 сәуірдегі N 544 Заңы) ;

Order No.264 on Approval of the Rules of Domestic Trade, 2015 (Қазақстан Республикасы Ұлттық экономика министрінің м.а. 2015 жылғы 27 наурыздағы № 264 бұйрығы) ;

Order No.4 on Approval of the Notification Templates and the Rules for Submission of Notifications by State Authorities, 2015 (Қазақстан Республикасы Ұлттық экономика министрінің 2015 жылғы 6 қаңтардағы № 4 бұйрығы)","There is no special or additional license specifically for e-commerce businesses in Kazakhstan, all businesses must be registered with the government. This includes obtaining a business identification number (BIN) and complying with general business regulations such as tax registration and reporting requirements.","Since April 2004, last amended in August 2024;

Since March 2015, last amended in July 2024;

Since January 2015, last amended in March 2024 ",http://adilet.zan.kz/rus/docs/Z040000544_,http://adilet.zan.kz/rus/docs/V1500011148,http://adilet.zan.kz/rus/docs/V1500010194,,,
12,12.4,"Restrictions on online payment 
",0,"Law No. 11-IV LRK. on Payments and payment systems, 2016 (Қазақстан Республикасының Заңы 2016 жылғы 26 шілдедегі № 11-VІ ҚРЗ) ",Law No.11-IV LRK  does not  mandate the use of local bank accounts for online payments or electronic payment services.,"Since July 2016, last amended in February 2024",https://adilet.zan.kz/kaz/docs/Z1600000011,https://adilet.zan.kz/eng/docs/Z1600000011,,,,
12,12.4,"Restrictions on online payment 
",0,"Law No. 11-IV LRK. on Payments and payment systems, 2016 (Қазақстан Республикасының Заңы 2016 жылғы 26 шілдедегі № 11-VІ ҚРЗ) ",Kazakhstan does not have specify any requirements regarding the currency to be used for international payments.,"Since July 2016, last amended in February 2024",https://adilet.zan.kz/kaz/docs/Z1600000011,https://adilet.zan.kz/eng/docs/Z1600000011,,,,
12,12.4,"Restrictions on online payment 
",0,"Law No. 11-IV LRK. on Payments and payment systems, 2016 (Қазақстан Республикасының Заңы 2016 жылғы 26 шілдедегі № 11-VІ ҚРЗ) ;

Resolution of the Board of the National Bank of the Republic of Kazakhstan No. 133 on Approval of the Program of National Payment System Development in the Republic of Kazakhstan until the Year 2025 (Қазақстан Республикасының Ұлттық Банкі Басқармасының № 133 Қаулысы 2025 жылға дейін Қазақстан Республикасының Ұлттық төлем жүйесін дамыту бағдарламасын бекіту туралы)","According to Article 5(7), payment service providers adhere to certain security measures set by the National Bank of Kazakhstan. 

According to the Resolution of the Board of the National Bank of the Republic of Kazakhstan No. 133 on Approval of the Program of National Payment System Development in the Republic of Kazakhstan until the Year 2025, payment services must comply with measures aimed at enhancing security and aligning with international standards. The adoption of the ISO 20022 standard is central to this initiative, as it promotes more efficient payment processing, improved security, and both domestic and international interoperability. Overseen by SWIFT, ISO 20022 is increasingly adopted by leading financial institutions worldwide, with European and American banks implementing it by 2022. This global shift is further supported by major international systems such as CLS and Euroclear, which encourage their participants to adopt ISO 20022 for streamlined, standardized communication. For Kazakhstan, implementing ISO 20022 in payment services will simplify interactions between national and international systems, contributing to a secure, efficient, and globally connected payment environment.","Since July 2016, last amended in February 2024 ;

Since January 2021",https://adilet.zan.kz/kaz/docs/Z1600000011,https://adilet.zan.kz/eng/docs/Z1600000011,https://nationalbank.kz/en/npa/platezhnye-sistemy,,,
12,12.4,"Restrictions on online payment 
",1,"Law No. 11-IV LRK. on Payments and payment systems, 2016 (Қазақстан Республикасының Заңы 2016 жылғы 26 шілдедегі № 11-VІ ҚРЗ) ","According to Article 13(1) of Law No.11-IV LRK,  payment services can only be provided in Kazakhstan by entities that have obtained a license from the National Bank of Kazakhstan. 

According to Article 16 of the Law on Payments and payment systems, to complete registration, a payment organization must submit an application to the National Bank, providing details on executive leadership, documentation on authorized capital, a charter, and a framework for interactions with partner banks. Additional requirements include operational rules approved by the organization's governing body, which must comply with regulations from the National Bank. The National Bank reviews these applications within ten working days and either assigns a registration number or issues a refusal with reasons. Registered payment organizations must display their registration number in public communications and notify the National Bank of any subsequent changes in their foundational documents within ten calendar days. Furthermore, foreign entities from non-compliant jurisdictions on the FATF list are prohibited from holding stakes in Kazakhstani payment organizations.

","Since July 2016, last amended in February 2024",https://adilet.zan.kz/kaz/docs/Z1600000011,https://adilet.zan.kz/eng/docs/Z1600000011,,,,
12,12.4,"Restrictions on online payment 
",1,"Law No. 11-IV LRK. on Payments and payment systems, 2016 (Қазақстан Республикасының Заңы 2016 жылғы 26 шілдедегі № 11-VІ ҚРЗ) ;

Law No. 43-VIII ZRK, on the republican budget for 2024 - 2026, 2023 (Қазақстан Республикасының Заңы 2023 жылғы 5 желтоқсандағы № 43-VIII ҚРЗ)","According to Article 4(19), the National Bank of Kazakhstan has the authority to set limits on the size of payments and money transfers on correspondent accounts between banks, both domestic and international. 

According to Article 44 of the Law on Payments and payment systems, the maximum amount of one operation performed by an unidentified owner of electronic money - an individual, should not exceed an amount equal to fifty times the size of the monthly calculation index established for the corresponding financial year by the law on the republican budget. Additionnally, the maximum amount of one operation performed by a simplified identified owner of electronic money - an individual, should not exceed an amount equal to one hundred times the monthly calculation index established for the corresponding financial year by the law on the republican budget. Finally, the maximum amount of one transaction performed by the owner of electronic money - an individual entrepreneur or a legal entity, should not exceed an amount equal to a thousand times the monthly calculation index established for the corresponding financial year by the law on the republican budget.

According to Article 9(4) of the Law on the Republican Budget of 204-2026, the Install from January 1, 2024, the monthly calculation index corresponds to 3.692 tenge (USD 7.55).","Since July 2016, last amended in February 2024 ;

Since January 2024",https://adilet.zan.kz/kaz/docs/Z1600000011,https://adilet.zan.kz/eng/docs/Z1600000011,https://adilet.zan.kz/kaz/docs/Z2300000043,https://adilet.zan.kz/rus/docs/Z2300000043/info,,
12,12.4,"Restrictions on online payment 
",1,"Law No.167-VІ on Currency Regulation and Currency Control, 2019 (Қазақстан Республикасының Заңы 2018 жылғы 2 шiлдедегi № 167-VІ ҚРЗ)","Article 7(1) of the Law mandates the use of a local bank for settlements in foreign currency between residents of the RK and non-residents.

According to Article 7(1)(15), exception is made for settlements made from foreign bank's account of a non-resident, carried out on account of fulfilment of obligations of a resident (e.g., when a parent foreign company pays for its local branch in the RK) and for settlements with non-residents made from the resident's account in a foreign bank. 

According to Article 7(2), foreign currency in cash received by legal entities and foreign branches on the territory of the RK (prior to 2019 - non-residents) must be credited to the local bank account. 

Also, under Article 6(1) settlements between residents of the RK (including local branches of foreign non-financial legal entities considered as residents) must be effected in local currency. ","Since 2019, last amended in August 2024 ",https://adilet.zan.kz/kaz/docs/Z1800000167,https://adilet.zan.kz/eng/docs/Z1800000167/info,http://adilet.zan.kz/rus/docs/Z1800000167,,,
12,12.4,"Restrictions on online payment 
",0,"Law No. 11-IV LRK. on Payments and payment systems, 2016 (Қазақстан Республикасының Заңы 2016 жылғы 26 шілдедегі № 11-VІ ҚРЗ) ",There are no other online payment limitations in Kazakhstan.,"Since July 2016, last amended in February 2024",https://adilet.zan.kz/kaz/docs/Z1600000011,https://adilet.zan.kz/eng/docs/Z1600000011,,,,
12,12.5,Low De Minimis,0,"Law No.123-VI on customs regulation in the Republic of Kazakhstan, 2017 (Қазақстан Республикасының Кодексі 2017 жылғы 26 желтоқсандағы № 123-VІ ҚРЗ) 
","According to Article 5 of the Law No.123-VI on customs regulation in the Republic of Kazakhstan, Kazakhstan follows the customs legislation and the de minimis threshold of the Eurasian Economic Union (EAEU).

","Since December 2017, last amended in August 2024 ",https://adilet.zan.kz/kaz/docs/K1700000123,,,,,
12,12.5,Low De Minimis,0,"Decision of the Eurasian Economic Commission No. 107 on the Categories of Goods for Personal Use and Methods of their Import, including Value, Weight, and Quantity Import Standards (О категориях товаров для личного пользования и способах их ввоза, включая стандарты по стоимости, весу и количеству импортируемых товаров);

Decision of the Eurasian Economic Commission No. 87 on the Value and Weight Limits for Goods Imported via International Mail for Personal Use (О пределах стоимости и веса товаров, ввозимых для личного пользования посредством международной почты)","The de minimis thresholds for duty-free importation of personal use goods into Eurasian Economic Union (EAEU) member states have evolved over time and currently depend on the mode of transport and import date. The foundational framework was established by Decision No. 107 of 2017 Appendix 1, which first set the categories of goods for personal use and initial value, weight, and quantity standards. 

On October 22, 2024, the EEC Council Decision No. 87 dated October 18, 2024, introduced changes to the value, weight, and/or quantity norms within which goods for personal use are imported into the customs territory of the EAEU without payment of customs duties and taxes, as established by EEC Council Decision No. 107 dated December 20, 2017. The new version clarifies the value, weight, and/or quantity norms for the importation of goods for personal use sent by international postal shipments. These are as follows:
- For goods — the value does not exceed the equivalent of 200 euros, and the gross weight does not exceed 31 kg;
- For tobacco; tobacco products; vapes — 200 cigarettes, or 50 cigars (cigarillos), or 200 heated tobacco products (“sticks”), or 250 grams of tobacco, or assorted products with a total weight of no more than 250 grams.

Therefore, as of 2025, the EAEU maintains a de minimis threshold of €200 (approximately USD 230) and 31 kg for goods imported for personal use via international mail.  ","Since December 2017;

Since November 2024",https://www.alta.ru/tamdoc/17sr0107/#pril1,https://www.alta.ru/tamdoc/24sr0087/,,,,
12,12.6,Domain name requirements,1,"Law No. 417-V on Informatization, 2015 (Қазақстан Республикасының Заңы 2015 жылғы 24 қарашадағы № 418-V ҚРЗ);

Order No. 38/NK on approval of the rules for registration, use and distribution of domain names in the Kazakh segment of the Internet, 2018 (Қазақстан Республикасының Қорғаныс және аэроғарыш өнеркәсібі министрінің 2018 жылғы 13 наурыздағы № 38/НҚ бұйрығы. Қазақстан)

","According to Article 56-1 of the Law No.417-V on Informatization: (1°) Internet resource with registered domain names. KZ and (or) .ҚAZ is placed in the space of the Kazakhstan segment of the Internet and, (2) the use of .KZ and (or) .ҚAZ domain names in the space of the Kazakhstan segment of the Internet when transmitting data by Internet resources is carried out using security certificates.

According to Article 16(6) of the Order No.38/NK on approval of the rules for registration, use, and distribution of domain names in the Kazakh segment of the Internet, internet resources with "".kz"" and "".қaz"" domain names must be hosted on hardware and software complexes located within the territory of Kazakhstan.","Since November 2015 last amended in August 2024 ;

Since March 2018, last amended in September 2022",https://adilet.zan.kz/kaz/docs/Z1500000418,https://adilet.zan.kz/eng/docs/K1700000123/info,https://adilet.zan.kz/kaz/docs/V1800016654/info,https://adilet.zan.kz/rus/docs/V1800016654/info,,
12,12.7,Local presence requirements for online service providers,1,"Law No.18-VIII on Online Platforms and Online Advertising,  2023 (Қазақстан Республикасының Заңы 2023 жылғы 10 шiлдедегi № 18-VIII ҚРЗ)","According to Article 9 of the Law No.18-VIII on Online Platforms and Online Advertising, to carry out activities on the territory of the Republic of Kazakhstan, the owners and (or) other legal representatives of online platforms whose average daily access to online platforms during a month is more than one hundred thousand users located on the territory of the Republic of Kazakhstan, appoint their legal representative for interaction with the authorized body in accordance with the requirements established by the Civil Code of the Republic of Kazakhstan.",Since July 2023,https://adilet.zan.kz/kaz/docs/Z2300000018/info,https://adilet.zan.kz/eng/docs/Z2300000018,,,,
12,12.8,Lack of legal framework for online consumer protection,0,"Law No.274-IV on Protection of Consumer Rights, 2010 (Қазақстан Республикасының 2010 жылғы 4 мамырдағы № 274-IV Заңы)","Articles 33-1 and  33-2 of the Law No.274-IV on protection of consumer rights establish an online consumer protection legal framework.

Precisely, Article 33-1 obligates electronic trading platforms to implement internal procedures that prevent false information and illegal trade, ensuring consumer rights are protected. Additionally, it mandates that software and hardware supporting e-commerce must operate through secure communication links, which further safeguards consumers during online transactions​. 

Futhermore, Article 33-2 requires that sellers (manufacturers or service providers) include contact details of authorized bodies responsible for pre-trial consumer dispute settlements, as well as information on the consumer’s right to approach these bodies or the courts for dispute resolution. This information must be made easily accessible through the e-commerce platform, ensuring consumers are well informed about their rights and available recourse​.","Since May 2010, last amended in June 2024",https://adilet.zan.kz/kaz/docs/Z100000274_,http://adilet.zan.kz/eng/docs/Z100000274_,,,,
12,12.9,Not in the United Nations Convention of Electronic Communications,1,Lack of signature of the UN Convention on Electronic Communications,Kazakhstan did not sign the United Nations Convention on the Use of Electronic Communications in International Contracts.,Last reviewed in October 2024,https://uncitral.un.org/en/texts/ecommerce/conventions/electronic_communications/status,,,,,
12,12.10,Not in the UNCITRAL Model Law on Electronic Commerce,0.50,Lack of adoption of the UNCITRAL Model Law on Electronic Commerce,Kazakhstan has not notified its adoption of the UNCITRAL Model Law on Electronic Commerce to the UNCITRAL Secretariat.,Last reviewed in October 2024,https://uncitral.un.org/en/texts/ecommerce/modellaw/electronic_commerce/status,,,,,
12,12.11,Not in the UNCITRAL Model Law on Electronic Signatures,0.50,Lack of adoption of the UNCITRAL Model Law on Electronic Signature,Kazakhstan has not notified its adoption of the UNCITRAL Model Law on Electronic Signatures to the UNCITRAL Secretariat.,Last reviewed in October 2024,https://uncitral.un.org/en/texts/ecommerce/modellaw/electronic_signatures/status,,,,,
,,,,,,,,,,Overall RDTII score,0.450,
,,,,,,,,,,,,
,,,,,,,,,,,,
